Apomys-lubangensis,Apomys,lubangensis,39430527,75.38439499268104,2971362093
Batomys-salomonseni,Batomys,salomonseni,44940074,75.38176685171234,3386331617
Bulimus-bagobus,Bulimus,bagobus,40153287,75.39948459522329,3026279632
Chrotomys-mindorensis,Chrotomys,mindorensis,49326561,75.39798195407087,3717461837
Phloeomys-pallidus,Phloeomys,pallidus,43270999,75.40246307468756,3261371425
Rhynchomys-isarogensis,Rhynchomys,isarogensis,48708525,75.35247929971985,3669015450
Sundamys-meulleri,Sundamys,meulleri,32933675,75.3971937584537,2482224151
Taeromys-punicans,Taeromys,punicans,73725174,110.85347889284907,8170752084
Hyorhinomys-stuempkei,Hyorhinomys,stuempkei,35631743,75.4060655140114,2685638224
Hybomys-univittatus,Hybomys,univittatus,39978705,75.38699395558125,3012876193
Colomys-goslingi,Colomys,goslingi,54291190,75.38659749651417,4091538525
Malacomys-longipes,Malacomys,longipes,50366563,75.39319495461612,3795792160
Hylomyscus-vulcanorum,Hylomyscus,vulcanorum,59460468,75.38688101142412,4480780827
Praomys-degraaffi,Praomys,degraaffi,53955265,75.40104490759815,4066691040
Grammomys-sp,Grammomys,sp,57307396,75.38719755144369,4318754257
Lemniscomys-striatus,Lemniscomys,striatus,40776560,75.38725733432935,3073051706
Berylymys-bowersi,Berylymys,bowersi,82302530,75.35889530181187,6200062831
Crunomys-celebensis,Crunomys,celebensis,41672317,75.40257141350924,3140957752
Echiothrix-centrosa,Echiothrix,centrosa,31915700,75.37532950006643,2404632656
Gracillimus-radix,Gracillimus,radix,59265483,75.39167226010561,4466355559
Leopoldomys-sabanus,Leopoldomys,sabanus,43670761,75.39050259645018,3290953683
Margaretamys-parvus,Margaretamys,parvus,73791976,116.48740999059544,8594465222
Melasmothrix-naso,Melasmothrix,naso,38456046,75.38001477388588,2897872201
Paucidentomys-vermidax,Paucidentomys,vermidax,35954259,75.3921841048635,2709748746
Sommeromys-macrorhinos,Sommeromys,macrorhinos,36340049,75.3947927473599,2738793277
Tateomys-macrocercus,Tateomys,macrocercus,29225186,75.38704026768127,2202390617
Tateomys-rhinogradoides,Tateomys,rhinogradoides,46984426,75.39129569783759,3540875618
Waiomys-mamasae,Waiomys,mamasae,60833873,75.34148008485222,4582027500
Chiropodomys-gliroides,Chiropodomys,gliroides,35074373,75.38118802195379,2643016119
Lorentzimys-nouhuysi,Lorentzimys,nouhuysi,54971983,75.38328237762258,4142287244
Mastacomys-fuscus,Mastacomys,fuscus,46594794,75.38626937962485,3511218474
Melomys-rufescens,Melomys,rufescens,45403051,75.37302447222645,3420897123
Hydromys-chrysogaster,Hydromys,chrysogaster,65162935,75.33229626909241,4907385637
Apodemus-sylvaticus,Apodemus,sylvaticus,36422145,75.39729319451367,2745043087
Archboldomys-luzonensis,Archboldomys,luzonensis,38016676,75.38821207096497,2865027678
Bunomys-chrysocomus,Bunomys,chrysocomus,45900895,75.3718393414707,3458256408
Haeromys-minahassae,Haeromys,minahassae,33750595,75.39854823185892,2543798633
Maxomys-surifer,Maxomys,surifer,43614327,75.39545588501912,3286959596
Niviventer-lepturus,Niviventer,lepturus,40554596,75.37496526506287,3055637400
Paruromys-dominator,Paruromys,dominator,25368777,75.40654488901855,1912123498
Bunomys-andrewsi,Bunomys,andrewsi,27342995,100.55129796017309,2229983248
Rattus-exulans,Rattus,exulans,62650906,100.55844201757975,5171044518
Rattus-hoffmanni,Rattus,hoffmanni,115914979,121.9823844544876,12699070548
Rattus-leucopus,Rattus,leucopus,28347387,100.56080154463949,2298816102
Rattus-lutreolus,Rattus,lutreolus,34011907,100.56777961883085,2854952522
Maxomys-musschenbroekii,Maxomys,musschenbroekii,30698292,100.56087745835536,2522688474
Rattus-praetor,Rattus,praetor,26153464,100.5501286399379,2122230924
Rattus-villosissimus,Rattus,villosissimus,35322678,100.55722223344661,2966364448
Mus-caroli,Mus,caroli,57290523,100.60718970455697,4406927114
Mus-cervicolor,Mus,cervicolor,77059554,100.60440190512622,5910985678
Mus-cookii,Mus,cookii,82597715,100.60466910232054,6356067580
Mus-macedonicus,Mus,macedonicus,51092698,100.42257164801345,3924346796
Mus-minutoides,Mus,minutoides,64445466,100.60878546762312,4957201108
Mus-molossinus,Mus,molossinus,42887967,100.42393696136023,3276261450
Mus-musculus-castaneus,Mus,musculus castaneus,43068978,100.42854317072575,3297101812
Mus-musculus-domesticus,Mus,musculus domesticus,67769204,100.42572684898131,5176792166
Mus-musculus-musculus,Mus,musculus musculus,70323731,100.42546251992906,5379793634
Mus-musculus-reference,Mus,musculus reference,36881941,100.427994459833,2826110850
Mus-pahari,Mus,pahari,51307296,100.60253986659066,3936918830
Mus-platythrix,Mus,platythrix,81440486,100.60675609637164,6267991454
Mus-spicilegus,Mus,spicilegus,46423284,100.41865722666833,3549204452
Mus-spretus,Mus,spretus,37938209,100.4213713165211,2904766494
Coccymys-ruemmleri,Coccymys,ruemmleri,32996526,150.0,4949478900
Grammomys-dryas,Grammomys,dryas,33710426,150.0,5056563900
Carpomys-melanurus,Carpomys,melanurus,28354290,150.0,4253143500
Crateromys-heaneyi,Crateromys,heaneyi,36630842,150.0,5494626300
Dasymys-montanus,Dasymys,montanus,34265426,150.0,5139813900
Aethomys-hindei,Aethomys,hindei,41601482,150.0,6240222300
Hylomyscus-stella,Hylomyscus,stella,43945642,150.0,6591846300
Anisomys-imitator,Anisomys,imitator,48087338,150.0,7213100700
Crunomys-melanius,Crunomys,melanius,32602620,150.0,4890393000
Niviventer-rapit,Niviventer,rapit,31670356,150.0,4750553400
Phloeomys-cumingii,Phloeomys,cumingii,34013230,150.0,5101984500
Aethomys-nyikae,Aethomys,nyikae,39728404,150.0,5959260600
Hybomys-planifrons,Hybomys,planifrons,41061690,150.0,6159253500
Pogonomys-macrourus,Pogonomys,macrourus,43583232,150.0,6537484800
Musseromys-anacuao,Musseromys,anacuao,31889540,150.0,4783431000
Limnomys-sibuanus,Limnomys,sibuanus,33006740,150.0,4951011000
Pithecheir-melanurus,Pithecheir,melanurus,30172486,150.0,4525872900
Thamnomys-sp.,Thamnomys,sp.,41875098,150.0,6281264700
Mammelomys-lanosus,Mammelomys,lanosus,32681436,150.0,4902215400
Xenuromys-barbatus,Xenuromys,barbatus,43306002,150.0,6495900300
Hydromys-sp-nov,Hydromys,sp nov,39014590,150.0,5852188500
Xeromys-myoides,Xeromys,myoides,29354318,150.0,4403147700
Pseudohydromys-ellermani,Pseudohydromys,ellermani,39681404,150.0,5952210600
Leptomys-elegans,Leptomys,elegans,33069852,150.0,4960477800
Pelomys-isseli,Pelomys,isseli,38177966,150.0,5726694900
Mus-pos_ctrl_F,Mus,pos_ctrl_F,4171622,150.0,625743300
Mus-pos_ctrl_E,Mus,pos_ctrl_E,3139548,150.0,470932200
Niviventer-bukit,Niviventer,bukit,38370432,150.0,5755564800
Genus-sp-nov,Genus,sp nov,37196074,150.0,5579411100
Saxatilomys-paulinae,Saxatilomys,paulinae,34890780,150.0,5233617000
Crunomys-sp.,Crunomys,sp.,32978348,150.0,4946752200
Microhydromys-richardsoni,Microhydromys,richardsoni,37706842,150.0,5656026300
Uromys-caudimaculatus,Uromys,caudimaculatus,37186694,150.0,5578004100
Mirzamys-louiseae,Mirzamys,louiseae,41706860,150.0,6256029000
Papagomys-armandvillei,Papagomys,armandvillei,39029930,150.0,5854489500
Chiromyscus-chiropus,Chiromyscus,chiropus,35043450,150.0,5256517500
Pogonomelomys-bruijni,Pogonomelomys,bruijni,31809228,150.0,4771384200
Paraleptomys-sp,Paraleptomys,sp,41781002,150.0,6267150300
Oenomys-hypoxanthus,Oenomys,hypoxanthus,37522238,150.0,5628335700
Bandicota-indica,Bandicota,indica,30405058,150.0,4560758700
Rattus-xanthurus,Rattus,xanthurus,38005628,150.0,5700844200
Lenomys-meyeri,Lenomys,meyeri,40107456,150.0,6016118400
Thamnomys-kempi,Thamnomys,kempi,33091898,150.0,4963784700
Parahydromys-asper,Parahydromys,asper,35429438,150.0,5314415700
Rattus-argentiventer,Rattus,argentiventer,31257002,150.0,4688550300
Uromys-sp-nov,Uromys,sp nov,37208110,150.0,5581216500
Otomys-tropicalis,Otomys,tropicalis,32553470,150.0,4883020500
Niviventer-cremoriventer,Niviventer,cremoriventer,47040818,150.0,7056122700
Otomys-denti,Otomys,denti,38130440,150.0,5719566000
Praomys-jacksoni,Praomys,jacksoni,38549594,150.0,5782439100
Mus-pos_ctrl_C,Mus,pos_ctrl_C,3528302,150.0,529245300
Mus-pos_ctrl_B,Mus,pos_ctrl_B,3329866,150.0,499479900
Mus-pos_ctrl_D1,Mus,pos_ctrl_D1,2419816,150.0,362972400
Margaretamys-christinae,Margaretamys,christinae,39851110,150.0,5977666500
Dasymys-incomtus,Dasymys,incomtus,41014600,150.0,6152190000
Taeromys-callitrichus,Taeromys,callitrichus,43116848,150.0,6467527200
Hybomys-lunaris,Hybomys,lunaris,41007648,150.0,6151147200
Sundamys-annandalei,Sundamys,annandalei,39891624,150.0,5983743600
Nesokia-indica,Nesokia,indica,36529618,150.0,5479442700
Macruromys-major,Macruromys,major,47570600,150.0,7135590000
Mus-musculoides,Mus,musculoides,70205740,150.0,10530861000
Pelomys-minor,Pelomys,minor,46514704,150.0,6977205600
Tarsomys-apoensis,Tarsomys,apoensis,37683818,150.0,5652572700
Batomys-russatus,Batomys,russatus,33606278,150.0,5040941700
Halmaheramys-bokimekot,Halmaheramys,bokimekot,36616106,150.0,5492415900
Chiruromys-vates,Chiruromys,vates,46581702,150.0,6987255300
Chrotomys-whiteheadi,Chrotomys,whiteheadi,35401028,150.0,5310154200
Abeomelomys-sevia,Abeomelomys,sevia,27142292,150.0,4071343800
Berylmys-mackenzii,Berylmys,mackenzii,35357278,150.0,5303591700
Solomys-salebrosus,Solomys,salebrosus,41852882,150.0,6277932300
Zelotomys-woosnami,Zelotomys,woosnami,45558236,150.0,6833735400
Kadarsanomys-sodyi,Kadarsanomys,sodyi,21067500,150.0,3160125000
Mallomys-rothschildi,Mallomys,rothschildi,39818142,150.0,5972721300
Taeromys-taerae,Taeromys,taerae,38391576,150.0,5758736400
Vandeleuria-oleracea,Vandeleuria,oleracea,38413180,150.0,5761977000
Mus-pos_ctrl_A,Mus,pos_ctrl_A,1669996,150.0,250499400
Mus-pos_ctrl_G,Mus,pos_ctrl_G,1333082,150.0,199962300
Mus-pos_ctrl_D2,Mus,pos_ctrl_D2,1919848,150.0,287977200
Conilurus-albipes,Conilurus,albipes,183436990,101.0,16578527436
Conilurus-penicillatus,Conilurus,penicillatus,31835110,101.0,2882440212
Leggadina-forresti,Leggadina,forresti,44054256,101.0,4216628194
Leggadina-lakedownensis,Leggadina,lakedownensis,61153568,101.0,5864632670
Mesembriomys-gouldii,Mesembriomys,gouldii,39057987,101.0,3543697716
Mesembriomys-macrurus,Mesembriomys,macrurus,25982150,101.0,2354800456
Notomys-alexis,Notomys,alexis,39797475,101.0,3810411446
Notomys-amplus,Notomys,amplus,159689029,101.0,14401466578
Notomys-aquilo,Notomys,aquilo,44052994,101.0,4223712536
Notomys-cervinus,Notomys,cervinus,37034198,101.0,3545298768
Notomys-fuscus,Notomys,fuscus,38986104,101.0,3735214522
Notomys-longicaudatus,Notomys,longicaudatus,113074849,101.0,10642223752
Notomys-macrotis,Notomys,macrotis,71894529,101.0,6457786278
Notomys-mitchellii,Notomys,mitchellii,23772876,101.0,2153983166
Pseudomys-patrius,Pseudomys,patrius,41130512,101.0,3874924388
Pseudomys-pilligaensis,Pseudomys,pilligaensis,28136555,101.0,2655197484
Pseudomys-shortridgei,Pseudomys,shortridgei,33791802,101.0,3066600178
Rattus-colletti,Rattus,colletti,45048644,101.0,4242262398
Rattus-tunneyi,Rattus,tunneyi,25226372,101.0,2379269322
Zyzomys-argurus,Zyzomys,argurus,48945848,101.0,4608170450
Zyzomys-maini,Zyzomys,maini,47239994,101.0,4446040806
Zyzomys-palatalis,Zyzomys,palatalis,29835520,101.0,2809712536
Zyzomys-pedunculatus,Zyzomys,pedunculatus,67229380,101.0,6346045534
Zyzomys-woodwardi,Zyzomys,woodwardi,21069256,101.0,1985254990
Pseudomys-albocinereus,Pseudomys,albocinereus,38738522,101.0,3710571330
Pseudomys-apodemoides,Pseudomys,apodemoides,49944362,101.0,4777840148
Pseudomys-auritus,Pseudomys,auritus,11608800,101.0,1042436352
Pseudomys-australis,Pseudomys,australis,55184580,101.0,5283849946
Pseudomys-bolami,Pseudomys,bolami,33923053,101.0,3081401526
Pseudomys-calabyi,Pseudomys,calabyi,61732305,101.0,5817762812
Pseudomys-chapmani,Pseudomys,chapmani,44845489,101.0,4293388396
Pseudomys-delicatulus,Pseudomys,delicatulus,41489395,101.0,3914976544
Pseudomys-desertor,Pseudomys,desertor,48194988,101.0,4595867842
Pseudomys-fieldi,Pseudomys,fieldi,39020193,101.0,3684038226
Pseudomys-fumeus,Pseudomys,fumeus,69366996,101.0,6644566386
Pseudomys-gouldii,Pseudomys,gouldii,168311724,101.0,15791950546
Pseudomys-gracilicaudatus,Pseudomys,gracilicaudatus,42819635,101.0,4101998042
Pseudomys-hermannsburgensis,Pseudomys,hermannsburgensis,41933778,101.0,3948884062
Pseudomys-higginsi,Pseudomys,higginsi,54338195,101.0,5002521718
Pseudomys-johnsoni,Pseudomys,johnsoni,51790040,101.0,4965863970
Pseudomys-nanus,Pseudomys,nanus,45433696,101.0,4353158176
Pseudomys-novaehollandiae,Pseudomys,novaehollandiae,124253079,101.0,11223502386
Pseudomys-occidentalis,Pseudomys,occidentalis,45854798,101.0,4327704156
Pseudomys-oralis,Pseudomys,oralis,68480816,101.0,6565522170
Pseudomys-patrius,Pseudomys,patrius,41130512,101.0,3874924388
Pseudomys-pilligaensis,Pseudomys,pilligaensis,28136555,101.0,2655197484
