Label,Genus,Species,Sequencing platform,Batch,Prep,Sample ID,NextSeq single IDs,NextSeq paired 1 and MiSeq paired ID,NextSeq paired 2 ID,HiSeq paired ID,HiSeq2500 paired ID,HiSeq2000 paired 1 ID,HiSeq2000 paired 2 ID,HiSeq 4000 ID 1,HiSeq 4000 ID 2,Seq run 1 ID,Seq run 2 ID,Seq run 3 ID,Seq run 4 ID,HiSeq 4000 ID 3
Apomys-lubangensis,Apomys,lubangensis,NextSeq single + paired; Miseq,1,NA,NA,30,JAE169,1,NA,NA,NA,NA,NA,NA,NA,NA,NA,NA,NA
Batomys-salomonseni,Batomys,salomonseni,NextSeq single + paired; Miseq,1,NA,NA,31,JAE3320,2,NA,NA,NA,NA,NA,NA,NA,NA,NA,NA,NA
Bulimus-bagobus,Bulimus,bagobus,NextSeq single + paired; Miseq,1,NA,NA,32,JAE1712,3,NA,NA,NA,NA,NA,NA,NA,NA,NA,NA,NA
Chrotomys-mindorensis,Chrotomys,mindorensis,NextSeq single + paired; Miseq,1,NA,NA,33,JAE520,4,NA,NA,NA,NA,NA,NA,NA,NA,NA,NA,NA
Phloeomys-pallidus,Phloeomys,pallidus,NextSeq single + paired; Miseq,1,NA,NA,34,JEC43,5,NA,NA,NA,NA,NA,NA,NA,NA,NA,NA,NA
Rhynchomys-isarogensis,Rhynchomys,isarogensis,NextSeq single + paired; Miseq,1,NA,NA,35,JAE2195,6,NA,NA,NA,NA,NA,NA,NA,NA,NA,NA,NA
Sundamys-meulleri,Sundamys,meulleri,NextSeq single + paired; Miseq,1,NA,NA,36,JAE1283,7,NA,NA,NA,NA,NA,NA,NA,NA,NA,NA,NA
Taeromys-punicans,Taeromys,punicans,NextSeq single + paired; Miseq; Hiseq4000,1,2,NA,37,JLP25862,8,NA,NA,NA,NA,SM077,NA,NA,NA,NA,NA,NA
Hyorhinomys-stuempkei,Hyorhinomys,stuempkei,NextSeq single + paired; Miseq,1,NA,NA,38,JAE4661,9,NA,NA,NA,NA,NA,NA,NA,NA,NA,NA,NA
Hybomys-univittatus,Hybomys,univittatus,NextSeq single + paired; Miseq,1,NA,NA,39,TCD4026,10,NA,NA,NA,NA,NA,NA,NA,NA,NA,NA,NA
Colomys-goslingi,Colomys,goslingi,NextSeq single + paired; Miseq,1,NA,NA,40,TCD4175,11,NA,NA,NA,NA,NA,NA,NA,NA,NA,NA,NA
Malacomys-longipes,Malacomys,longipes,NextSeq single + paired; Miseq,1,NA,NA,41,TCD4253,12,NA,NA,NA,NA,NA,NA,NA,NA,NA,NA,NA
Hylomyscus-vulcanorum,Hylomyscus,vulcanorum,NextSeq single + paired; Miseq,1,NA,NA,42,TCD4382,13,NA,NA,NA,NA,NA,NA,NA,NA,NA,NA,NA
Praomys-degraaffi,Praomys,degraaffi,NextSeq single + paired; Miseq,1,NA,NA,43,TCD4312,14,NA,NA,NA,NA,NA,NA,NA,NA,NA,NA,NA
Grammomys-sp,Grammomys,sp,NextSeq single + paired; Miseq,1,NA,NA,44,TCD4560,15,NA,NA,NA,NA,NA,NA,NA,NA,NA,NA,NA
Lemniscomys-striatus,Lemniscomys,striatus,NextSeq single + paired; Miseq,1,NA,NA,45,TCD4711,16,NA,NA,NA,NA,NA,NA,NA,NA,NA,NA,NA
Berylymys-bowersi,Berylymys,bowersi,NextSeq single + paired; Miseq,1,NA,NA,46,ABTC116431,17,NA,NA,NA,NA,NA,NA,NA,NA,NA,NA,NA
Crunomys-celebensis,Crunomys,celebensis,NextSeq single + paired; Miseq,1,NA,NA,47,Z21894,18,NA,NA,NA,NA,NA,NA,NA,NA,NA,NA,NA
Echiothrix-centrosa,Echiothrix,centrosa,NextSeq single + paired; Miseq,1,NA,NA,48,Z27993,19,NA,NA,NA,NA,NA,NA,NA,NA,NA,NA,NA
Gracillimus-radix,Gracillimus,radix,NextSeq single + paired; Miseq,1,NA,NA,49,Z08508,20,NA,NA,NA,NA,NA,NA,NA,NA,NA,NA,NA
Leopoldomys-sabanus,Leopoldomys,sabanus,NextSeq single + paired; Miseq,1,NA,NA,50,Z25191,21,NA,NA,NA,NA,NA,NA,NA,NA,NA,NA,NA
Margaretamys-parvus,Margaretamys,parvus,NextSeq single + paired; Miseq; Hiseq4000,1,2,NA,51,Z21794,22,NA,NA,NA,NA,SM062,NA,NA,NA,NA,NA,NA
Melasmothrix-naso,Melasmothrix,naso,NextSeq single + paired; Miseq,1,NA,NA,52,Z21808,23,NA,NA,NA,NA,NA,NA,NA,NA,NA,NA,NA
Paucidentomys-vermidax,Paucidentomys,vermidax,NextSeq single + paired; Miseq,1,NA,NA,53,Z21914,24,NA,NA,NA,NA,NA,NA,NA,NA,NA,NA,NA
Sommeromys-macrorhinos,Sommeromys,macrorhinos,NextSeq single + paired; Miseq,1,NA,NA,54,Z21740,25,NA,NA,NA,NA,NA,NA,NA,NA,NA,NA,NA
Tateomys-macrocercus,Tateomys,macrocercus,NextSeq single + paired; Miseq,1,NA,NA,55,Z21834,26,NA,NA,NA,NA,NA,NA,NA,NA,NA,NA,NA
Tateomys-rhinogradoides,Tateomys,rhinogradoides,NextSeq single + paired; Miseq,1,NA,NA,56,Z21785,27,NA,NA,NA,NA,NA,NA,NA,NA,NA,NA,NA
Waiomys-mamasae,Waiomys,mamasae,NextSeq single + paired; Miseq,1,NA,NA,57,Z20624,28,NA,NA,NA,NA,NA,NA,NA,NA,NA,NA,NA
Chiropodomys-gliroides,Chiropodomys,gliroides,NextSeq single + paired; Miseq,1,NA,NA,58,Z25153,29,NA,NA,NA,NA,NA,NA,NA,NA,NA,NA,NA
Lorentzimys-nouhuysi,Lorentzimys,nouhuysi,NextSeq single + paired; Miseq,1,NA,NA,59,ABTC-46314,30,NA,NA,NA,NA,NA,NA,NA,NA,NA,NA,NA
Mastacomys-fuscus,Mastacomys,fuscus,NextSeq single + paired; Miseq,1,NA,NA,60,ABTC-07354,31,NA,NA,NA,NA,NA,NA,NA,NA,NA,NA,NA
Melomys-rufescens,Melomys,rufescens,NextSeq single + paired; Miseq,1,NA,NA,61,ABTC-44798,32,NA,NA,NA,NA,NA,NA,NA,NA,NA,NA,NA
Hydromys-chrysogaster,Hydromys,chrysogaster,NextSeq single + paired; Miseq,1,NA,NA,62,Z5248,33,NA,NA,NA,NA,NA,NA,NA,NA,NA,NA,NA
Apodemus-sylvaticus,Apodemus,sylvaticus,NextSeq single + paired; Miseq,1,NA,NA,63,SMG3823,34,NA,NA,NA,NA,NA,NA,NA,NA,NA,NA,NA
Archboldomys-luzonensis,Archboldomys,luzonensis,NextSeq single + paired; Miseq,1,NA,NA,64,EAR1826,35,NA,NA,NA,NA,NA,NA,NA,NA,NA,NA,NA
Bunomys-chrysocomus,Bunomys,chrysocomus,NextSeq single + paired; Miseq,1,NA,NA,65,JAE4867,36,NA,NA,NA,NA,NA,NA,NA,NA,NA,NA,NA
Haeromys-minahassae,Haeromys,minahassae,NextSeq single + paired; Miseq,1,NA,NA,66,JAE4996,37,NA,NA,NA,NA,NA,NA,NA,NA,NA,NA,NA
Maxomys-surifer,Maxomys,surifer,NextSeq single + paired; Miseq,1,NA,NA,67,JAE3632,38,NA,NA,NA,NA,NA,NA,NA,NA,NA,NA,NA
Niviventer-lepturus,Niviventer,lepturus,NextSeq single + paired; Miseq,1,NA,NA,68,JAE4746,39,NA,NA,NA,NA,NA,NA,NA,NA,NA,NA,NA
Paruromys-dominator,Paruromys,dominator,NextSeq single + paired; Miseq,1,NA,NA,69,JAE4870,40,NA,NA,NA,NA,NA,NA,NA,NA,NA,NA,NA
Bunomys-andrewsi,Bunomys,andrewsi,Hiseq; Hiseq2500,2,NA,NA,NA,NA,NA,andrewsii,GATGCC,NA,NA,NA,NA,NA,NA,NA,NA,NA
Rattus-exulans,Rattus,exulans,Hiseq; Hiseq2500,2,NA,NA,NA,NA,NA,exulans,TGACGT and GCATTG,NA,NA,NA,NA,NA,NA,NA,NA,NA
Rattus-hoffmanni,Rattus,hoffmanni,Hiseq; Hiseq2500; Hiseq4000,2,3,NA,NA,NA,NA,hoffmanni,CCGATT and GATCTC,NA,NA,NA,SM074,NA,NA,NA,NA,NA
Rattus-leucopus,Rattus,leucopus,Hiseq; Hiseq2500,2,NA,NA,NA,NA,NA,leucopus,ATGCCG,NA,NA,NA,NA,NA,NA,NA,NA,NA
Rattus-lutreolus,Rattus,lutreolus,Hiseq; Hiseq2500,2,NA,NA,NA,NA,NA,lutreolus,CAATAT,NA,NA,NA,NA,NA,NA,NA,NA,NA
Maxomys-musschenbroekii,Maxomys,musschenbroekii,Hiseq; Hiseq2500,2,NA,NA,NA,NA,NA,musschenbroekii,CAATTA,NA,NA,NA,NA,NA,NA,NA,NA,NA
Rattus-praetor,Rattus,praetor,Hiseq; Hiseq2500,2,NA,NA,NA,NA,NA,praetor,CAGTAC,NA,NA,NA,NA,NA,NA,NA,NA,NA
Rattus-villosissimus,Rattus,villosissimus,Hiseq; Hiseq2500,2,NA,NA,NA,NA,NA,vilosissimus,AGATAG,NA,NA,NA,NA,NA,NA,NA,NA,NA
Mus-caroli,Mus,caroli,Hiseq2000,3,NA,NA,NA,NA,NA,NA,NA,10460X9,ACCAAC,NA,NA,NA,NA,NA,NA,NA
Mus-cervicolor,Mus,cervicolor,Hiseq2000,3,NA,NA,NA,NA,NA,NA,NA,10460X10,CCGGTA,NA,NA,NA,NA,NA,NA,NA
Mus-cookii,Mus,cookii,Hiseq2000,3,NA,NA,NA,NA,NA,NA,NA,10460X3,CCTAGG,NA,NA,NA,NA,NA,NA,NA
Mus-macedonicus,Mus,macedonicus,Hiseq2000,3,NA,NA,NA,NA,NA,NA,NA,10460X12,TTGAAG,NA,NA,NA,NA,NA,NA,NA
Mus-minutoides,Mus,minutoides,Hiseq2000,3,NA,NA,NA,NA,NA,NA,NA,10460X2,CTCTGC,NA,NA,NA,NA,NA,NA,NA
Mus-molossinus,Mus,molossinus,Hiseq2000,3,NA,NA,NA,NA,NA,NA,NA,10460X8,GCTCGA,NA,NA,NA,NA,NA,NA,NA
Mus-musculus-castaneus,Mus,musculus castaneus,Hiseq2000,3,NA,NA,NA,NA,NA,NA,NA,10460X7,CTCGAT,NA,NA,NA,NA,NA,NA,NA
Mus-musculus-domesticus,Mus,musculus domesticus,Hiseq2000,3,NA,NA,NA,NA,NA,NA,NA,10460X15,CGACCT,NA,NA,NA,NA,NA,NA,NA
Mus-musculus-musculus,Mus,musculus musculus,Hiseq2000,3,NA,NA,NA,NA,NA,NA,NA,10460X14,TTGGAT,NA,NA,NA,NA,NA,NA,NA
Mus-musculus-reference,Mus,musculus reference,Hiseq2000,3,NA,NA,NA,NA,NA,NA,NA,10460X5,GCAAGA,NA,NA,NA,NA,NA,NA,NA
Mus-pahari,Mus,pahari,Hiseq2000,3,NA,NA,NA,NA,NA,NA,NA,10460X1,TCGCAG,NA,NA,NA,NA,NA,NA,NA
Mus-platythrix,Mus,platythrix,Hiseq2000,3,NA,NA,NA,NA,NA,NA,NA,10460X13,ACTATC,NA,NA,NA,NA,NA,NA,NA
Mus-spicilegus,Mus,spicilegus,Hiseq2000,3,NA,NA,NA,NA,NA,NA,NA,10460X11,AACTCC,NA,NA,NA,NA,NA,NA,NA
Mus-spretus,Mus,spretus,Hiseq2000,3,NA,NA,NA,NA,NA,NA,NA,10460X4,GGATCA,NA,NA,NA,NA,NA,NA,NA
Coccymys-ruemmleri,Coccymys,ruemmleri,Hiseq4000,4,1,NA,NA,NA,NA,NA,NA,NA,NA,SM033,NA,NA,NA,NA,NA,NA
Grammomys-dryas,Grammomys,dryas,Hiseq4000,4,1,NA,NA,NA,NA,NA,NA,NA,NA,REC8,NA,NA,NA,NA,NA,NA
Carpomys-melanurus,Carpomys,melanurus,Hiseq4000,4;6,1;4,SM085,NA,NA,NA,NA,NA,NA,NA,SM085,NA,NA,NA,NA,NA,SM085
Crateromys-heaneyi,Crateromys,heaneyi,Hiseq4000,4,1,NA,NA,NA,NA,NA,NA,NA,NA,REC4,NA,NA,NA,NA,NA,NA
Dasymys-montanus,Dasymys,montanus,Hiseq4000,4,1,NA,NA,NA,NA,NA,NA,NA,NA,SM086,NA,NA,NA,NA,NA,NA
Aethomys-hindei,Aethomys,hindei,Hiseq4000,4,1,NA,NA,NA,NA,NA,NA,NA,NA,REC1,NA,NA,NA,NA,NA,NA
Hylomyscus-stella,Hylomyscus,stella,Hiseq4000,4,1,NA,NA,NA,NA,NA,NA,NA,NA,REC10,NA,NA,NA,NA,NA,NA
Anisomys-imitator,Anisomys,imitator,Hiseq4000,4,1,NA,NA,NA,NA,NA,NA,NA,NA,SM008,NA,NA,NA,NA,NA,NA
Crunomys-melanius,Crunomys,melanius,Hiseq4000,4,1,NA,NA,NA,NA,NA,NA,NA,NA,REC5,NA,NA,NA,NA,NA,NA
Niviventer-rapit,Niviventer,rapit,Hiseq4000,4,1,NA,NA,NA,NA,NA,NA,NA,NA,SM056,NA,NA,NA,NA,NA,NA
Phloeomys-cumingii,Phloeomys,cumingii,Hiseq4000,4,1,NA,NA,NA,NA,NA,NA,NA,NA,SM069,NA,NA,NA,NA,NA,NA
Aethomys-nyikae,Aethomys,nyikae,Hiseq4000,4,1,NA,NA,NA,NA,NA,NA,NA,NA,SM084,NA,NA,NA,NA,NA,NA
Hybomys-planifrons,Hybomys,planifrons,Hiseq4000,4,1,NA,NA,NA,NA,NA,NA,NA,NA,SM040,NA,NA,NA,NA,NA,NA
Pogonomys-macrourus,Pogonomys,macrourus,Hiseq4000,4,1,NA,NA,NA,NA,NA,NA,NA,NA,SM071,NA,NA,NA,NA,NA,NA
Musseromys-anacuao,Musseromys,anacuao,Hiseq4000,4,1,NA,NA,NA,NA,NA,NA,NA,NA,SM063,NA,NA,NA,NA,NA,NA
Limnomys-sibuanus,Limnomys,sibuanus,Hiseq4000,4,1,NA,NA,NA,NA,NA,NA,NA,NA,SM089,NA,NA,NA,NA,NA,NA
Pithecheir-melanurus,Pithecheir,melanurus,Hiseq4000,4,1,NA,NA,NA,NA,NA,NA,NA,NA,SM070,NA,NA,NA,NA,NA,NA
Thamnomys-sp.,Thamnomys,sp.,Hiseq4000,4,1,NA,NA,NA,NA,NA,NA,NA,NA,REC24,NA,NA,NA,NA,NA,NA
Mammelomys-lanosus,Mammelomys,lanosus,Hiseq4000,4,1,NA,NA,NA,NA,NA,NA,NA,NA,SM047,NA,NA,NA,NA,NA,NA
Xenuromys-barbatus,Xenuromys,barbatus,Hiseq4000,4,1,NA,NA,NA,NA,NA,NA,NA,NA,SM010,NA,NA,NA,NA,NA,NA
Hydromys-sp-nov,Hydromys,sp nov,Hiseq4000,4,1,NA,NA,NA,NA,NA,NA,NA,NA,REC9,NA,NA,NA,NA,NA,NA
Xeromys-myoides,Xeromys,myoides,Hiseq4000,4;6,1;4,SM080,NA,NA,NA,NA,NA,NA,NA,SM080,NA,NA,NA,NA,NA,SM080
Pseudohydromys-ellermani,Pseudohydromys,ellermani,Hiseq4000,4,1,NA,NA,NA,NA,NA,NA,NA,NA,SM073,NA,NA,NA,NA,NA,NA
Leptomys-elegans,Leptomys,elegans,Hiseq4000,4,1,NA,NA,NA,NA,NA,NA,NA,NA,SM044,NA,NA,NA,NA,NA,NA
Pelomys-isseli,Pelomys,isseli,Hiseq4000,4,1,NA,NA,NA,NA,NA,NA,NA,NA,SM068,NA,NA,NA,NA,NA,NA
Mus-pos_ctrl_F,Mus,pos_ctrl_F,Hiseq4000,4,1,NA,NA,NA,NA,NA,NA,NA,NA,M44_F11,NA,NA,NA,NA,NA,NA
Mus-pos_ctrl_E,Mus,pos_ctrl_E,Hiseq4000,4,1,NA,NA,NA,NA,NA,NA,NA,NA,M44_E11,NA,NA,NA,NA,NA,NA
Niviventer-bukit,Niviventer,bukit,Hiseq4000,4,2,NA,NA,NA,NA,NA,NA,NA,NA,SM054,NA,NA,NA,NA,NA,NA
Genus-sp-nov,Genus,sp nov,Hiseq4000,4,2,NA,NA,NA,NA,NA,NA,NA,NA,SM059,NA,NA,NA,NA,NA,NA
Saxatilomys-paulinae,Saxatilomys,paulinae,Hiseq4000,4,2,NA,NA,NA,NA,NA,NA,NA,NA,SM075,NA,NA,NA,NA,NA,NA
Crunomys-sp.,Crunomys,sp.,Hiseq4000,4,2,NA,NA,NA,NA,NA,NA,NA,NA,REC6,NA,NA,NA,NA,NA,NA
Microhydromys-richardsoni,Microhydromys,richardsoni,Hiseq4000,4,2,NA,NA,NA,NA,NA,NA,NA,NA,SM050,NA,NA,NA,NA,NA,NA
Uromys-caudimaculatus,Uromys,caudimaculatus,Hiseq4000,4,2,NA,NA,NA,NA,NA,NA,NA,NA,SM078,NA,NA,NA,NA,NA,NA
Mirzamys-louiseae,Mirzamys,louiseae,Hiseq4000,4,2,NA,NA,NA,NA,NA,NA,NA,NA,SM051,NA,NA,NA,NA,NA,NA
Papagomys-armandvillei,Papagomys,armandvillei,Hiseq4000,4,2,NA,NA,NA,NA,NA,NA,NA,NA,SM057,NA,NA,NA,NA,NA,NA
Chiromyscus-chiropus,Chiromyscus,chiropus,Hiseq4000,4,2,NA,NA,NA,NA,NA,NA,NA,NA,SM034,NA,NA,NA,NA,NA,NA
Pogonomelomys-bruijni,Pogonomelomys,bruijni,Hiseq4000,4,2,NA,NA,NA,NA,NA,NA,NA,NA,REC26,NA,NA,NA,NA,NA,NA
Paraleptomys-sp,Paraleptomys,sp,Hiseq4000,4,2,NA,NA,NA,NA,NA,NA,NA,NA,SM065,NA,NA,NA,NA,NA,NA
Oenomys-hypoxanthus,Oenomys,hypoxanthus,Hiseq4000,4,2,NA,NA,NA,NA,NA,NA,NA,NA,REC13,NA,NA,NA,NA,NA,NA
Bandicota-indica,Bandicota,indica,Hiseq4000,4,2,NA,NA,NA,NA,NA,NA,NA,NA,SM009,NA,NA,NA,NA,NA,NA
Rattus-xanthurus,Rattus,xanthurus,Hiseq4000,4,2,NA,NA,NA,NA,NA,NA,NA,NA,REC17,NA,NA,NA,NA,NA,NA
Lenomys-meyeri,Lenomys,meyeri,Hiseq4000,4,2,NA,NA,NA,NA,NA,NA,NA,NA,REC11,NA,NA,NA,NA,NA,NA
Thamnomys-kempi,Thamnomys,kempi,Hiseq4000,4,2,NA,NA,NA,NA,NA,NA,NA,NA,REC23,NA,NA,NA,NA,NA,NA
Parahydromys-asper,Parahydromys,asper,Hiseq4000,4,2,NA,NA,NA,NA,NA,NA,NA,NA,SM058,NA,NA,NA,NA,NA,NA
Rattus-argentiventer,Rattus,argentiventer,Hiseq4000,4,2,NA,NA,NA,NA,NA,NA,NA,NA,SM042,NA,NA,NA,NA,NA,NA
Uromys-sp-nov,Uromys,sp nov,Hiseq4000,4,2,NA,NA,NA,NA,NA,NA,NA,NA,REC25,NA,NA,NA,NA,NA,NA
Otomys-tropicalis,Otomys,tropicalis,Hiseq4000,4;6,2;4,REC15,NA,NA,NA,NA,NA,NA,NA,REC15,NA,NA,NA,NA,NA,REC15
Niviventer-cremoriventer,Niviventer,cremoriventer,Hiseq4000,4,2,NA,NA,NA,NA,NA,NA,NA,NA,SM055,NA,NA,NA,NA,NA,NA
Otomys-denti,Otomys,denti,Hiseq4000,4,2,NA,NA,NA,NA,NA,NA,NA,NA,REC14,NA,NA,NA,NA,NA,NA
Praomys-jacksoni,Praomys,jacksoni,Hiseq4000,4,2,NA,NA,NA,NA,NA,NA,NA,NA,REC31,NA,NA,NA,NA,NA,NA
Mus-pos_ctrl_C,Mus,pos_ctrl_C,Hiseq4000,4,2,NA,NA,NA,NA,NA,NA,NA,NA,M44_C11,NA,NA,NA,NA,NA,NA
Mus-pos_ctrl_B,Mus,pos_ctrl_B,Hiseq4000,4,2,NA,NA,NA,NA,NA,NA,NA,NA,M44_B11,NA,NA,NA,NA,NA,NA
Mus-pos_ctrl_D1,Mus,pos_ctrl_D1,Hiseq4000,4,2,NA,NA,NA,NA,NA,NA,NA,NA,M44_D11,NA,NA,NA,NA,NA,NA
Margaretamys-christinae,Margaretamys,christinae,Hiseq4000,4,3,NA,NA,NA,NA,NA,NA,NA,NA,NA,SM061,NA,NA,NA,NA,NA
Dasymys-incomtus,Dasymys,incomtus ,Hiseq4000,4,3,NA,NA,NA,NA,NA,NA,NA,NA,NA,REC29,NA,NA,NA,NA,NA
Taeromys-callitrichus,Taeromys,callitrichus,Hiseq4000,4,3,NA,NA,NA,NA,NA,NA,NA,NA,NA,REC19,NA,NA,NA,NA,NA
Hybomys-lunaris,Hybomys,lunaris,Hiseq4000,4,3,NA,NA,NA,NA,NA,NA,NA,NA,NA,SM039,NA,NA,NA,NA,NA
Sundamys-annandalei,Sundamys,annandalei,Hiseq4000,4,3,NA,NA,NA,NA,NA,NA,NA,NA,NA,REC18,NA,NA,NA,NA,NA
Nesokia-indica,Nesokia,indica,Hiseq4000,4,3,NA,NA,NA,NA,NA,NA,NA,NA,NA,SM053,NA,NA,NA,NA,NA
Macruromys-major,Macruromys,major,Hiseq4000,4,3,NA,NA,NA,NA,NA,NA,NA,NA,NA,SM045,NA,NA,NA,NA,NA
Mus-musculoides,Mus,musculoides,Hiseq4000,4,3,NA,NA,NA,NA,NA,NA,NA,NA,NA,REC30,NA,NA,NA,NA,NA
Pelomys-minor,Pelomys,minor,Hiseq4000,4,3,NA,NA,NA,NA,NA,NA,NA,NA,NA,REC16,NA,NA,NA,NA,NA
Tarsomys-apoensis,Tarsomys,apoensis,Hiseq4000,4,3,NA,NA,NA,NA,NA,NA,NA,NA,NA,REC21,NA,NA,NA,NA,NA
Batomys-russatus,Batomys,russatus,Hiseq4000,4,3,NA,NA,NA,NA,NA,NA,NA,NA,NA,REC28,NA,NA,NA,NA,NA
Halmaheramys-bokimekot,Halmaheramys,bokimekot,Hiseq4000,4,3,NA,NA,NA,NA,NA,NA,NA,NA,NA,REC22,NA,NA,NA,NA,NA
Chiruromys-vates,Chiruromys,vates,Hiseq4000,4,3,NA,NA,NA,NA,NA,NA,NA,NA,NA,SM035,NA,NA,NA,NA,NA
Chrotomys-whiteheadi,Chrotomys,whiteheadi,Hiseq4000,4,3,NA,NA,NA,NA,NA,NA,NA,NA,NA,REC34,NA,NA,NA,NA,NA
Abeomelomys-sevia,Abeomelomys,sevia,Hiseq4000,4;6,3;4,REC32,NA,NA,NA,NA,NA,NA,NA,NA,REC32,NA,NA,NA,NA,REC32
Berylmys-mackenzii,Berylmys,mackenzii,Hiseq4000,4,3,NA,NA,NA,NA,NA,NA,NA,NA,NA,SM011,NA,NA,NA,NA,NA
Solomys-salebrosus,Solomys,salebrosus,Hiseq4000,4,3,NA,NA,NA,NA,NA,NA,NA,NA,NA,SM076,NA,NA,NA,NA,NA
Zelotomys-woosnami,Zelotomys,woosnami,Hiseq4000,4,3,NA,NA,NA,NA,NA,NA,NA,NA,NA,SM081,NA,NA,NA,NA,NA
Kadarsanomys-sodyi,Kadarsanomys,sodyi,Hiseq4000,4;6,3;4,REC27,NA,NA,NA,NA,NA,NA,NA,NA,REC 27,NA,NA,NA,NA,REC27
Mallomys-rothschildi,Mallomys,rothschildi,Hiseq4000,4,3,NA,NA,NA,NA,NA,NA,NA,NA,NA,SM046,NA,NA,NA,NA,NA
Taeromys-taerae,Taeromys,taerae,Hiseq4000,4,3,NA,NA,NA,NA,NA,NA,NA,NA,NA,REC20,NA,NA,NA,NA,NA
Vandeleuria-oleracea,Vandeleuria,oleracea,Hiseq4000,4,3,NA,NA,NA,NA,NA,NA,NA,NA,NA,SM079,NA,NA,NA,NA,NA
Mus-pos_ctrl_A,Mus,pos_ctrl_A,Hiseq4000,4,3,NA,NA,NA,NA,NA,NA,NA,NA,NA,M44_A12,NA,NA,NA,NA,NA
Mus-pos_ctrl_G,Mus,pos_ctrl_G,Hiseq4000,4,3,NA,NA,NA,NA,NA,NA,NA,NA,NA,M44_G11,NA,NA,NA,NA,NA
Mus-pos_ctrl_D2,Mus,pos_ctrl_D2,Hiseq4000,4,3,NA,NA,NA,NA,NA,NA,NA,NA,NA,M44_D11,NA,NA,NA,NA,NA
Conilurus-albipes,Conilurus,albipes,Hiseq2500,5,NA,NMV-c7585,NA, NA, NA, NA, NA, NA, NA, NA, NA,53930_HTVLKBCX2_TGCGTCC,53930_HTVLKBCX2_TGCGTCC,NA,NA,NA
Conilurus-penicillatus,Conilurus,penicillatus,Hiseq2500,5,NA,M14056,NA, NA, NA, NA, NA, NA, NA, NA, NA,53920_HTVLWBCX2_GCTCGAA,53920_HTVLWBCX2_GCTCGAA,NA,NA,NA
Leggadina-forresti,Leggadina,forresti,Hiseq2500,5,NA,WAMM62323,NA, NA, NA, NA, NA, NA, NA, NA, NA,52918_AH7T2JBCX2_CTGCGAC,52918_AH7T7NBCX2_CTGCGAC,NA,NA,NA
Leggadina-lakedownensis,Leggadina,lakedownensis,Hiseq2500,5,NA,WAMM21623,NA, NA, NA, NA, NA, NA, NA, NA, NA,52919_AH7T2JBCX2_ACGTATG,52919_AH7T7NBCX2_ACGTATG,NA,NA,NA
Leporillus-apicalis,Leporillus,apicalis,Hiseq2500,5,NA,C90,NA, NA, NA, NA, NA, NA, NA, NA, NA,Placeholder,Placeholder,NA,NA,NA
Leporillus-conditor,Leporillus,conditor,Hiseq2500,5,NA,ABTC13335,NA, NA, NA, NA, NA, NA, NA, NA, NA,Placeholder,Placeholder,NA,NA,NA
Mastacomys-fuscus,Mastacomys,fuscus,Hiseq2500,5,NA,M13957,NA, NA, NA, NA, NA, NA, NA, NA, NA,Placeholder,Placeholder,NA,NA,NA
Mastacomys-fuscus,Mastacomys,fuscus,Hiseq2500,5,NA,NMB C37546,NA, NA, NA, NA, NA, NA, NA, NA, NA,Placeholder,Placeholder,NA,NA,NA
Mesembriomys-gouldii,Mesembriomys,gouldii,Hiseq2500,5,NA,ABTC7449,NA, NA, NA, NA, NA, NA, NA, NA, NA,53919_HTVLKBCX2_CTCGATG,53919_HTVLKBCX2_CTCGATG,NA,NA,NA
Mesembriomys-macrurus,Mesembriomys,macrurus,Hiseq2500,5,NA,ABTC7337,NA, NA, NA, NA, NA, NA, NA, NA, NA,53918_HTVLWBCX2_ATGGAGA,53918_HTVLWBCX2_ATGGAGA,NA,NA,NA
Notomys-alexis,Notomys,alexis,Hiseq2500,5,NA,U1308,NA, NA, NA, NA, NA, NA, NA, NA, NA,52920_AH7T2JBCX2_ATACTGA,52920_AH7T7NBCX2_ATACTGA,NA,NA,NA
Notomys-amplus,Notomys,amplus,Hiseq2500,5,NA,NMV-C512,NA, NA, NA, NA, NA, NA, NA, NA, NA,53926_HTVLWBCX2_TTGGATC,53926_HTVLWBCX2_TTGGATC,NA,NA,NA
Notomys-aquilo,Notomys,aquilo,Hiseq2500,5,NA,M-32455,NA, NA, NA, NA, NA, NA, NA, NA, NA,52921_AH7T2JBCX2_TACTTAG,52921_AH7T7NBCX2_TACTTAG,NA,NA,NA
Notomys-cervinus,Notomys,cervinus,Hiseq2500,5,NA,M22857,NA, NA, NA, NA, NA, NA, NA, NA, NA,52922_AH7T2JBCX2_AAGCTAA,52922_AH7T7NBCX2_AAGCTAA,NA,NA,NA
Notomys-fuscus,Notomys,fuscus,Hiseq2500,5,NA,22830,NA, NA, NA, NA, NA, NA, NA, NA, NA,52924_AH7T2JBCX2_AGAAGAC,52924_AH7T7NBCX2_AGAAGAC,NA,NA,NA
Notomys-longicaudatus,Notomys,longicaudatus,Hiseq2500,5,NA,C6278,NA, NA, NA, NA, NA, NA, NA, NA, NA,52956_BH7T33BCX2_GGTCAAG,52956_BH7T77BCX2_GGTCAAG,NA,NA,NA
Notomys-macrotis,Notomys,macrotis,Hiseq2500,5,NA,ZD-1841-1167,NA, NA, NA, NA, NA, NA, NA, NA, NA,53929_HTVLKBCX2_AGGTACC,53929_HTVLKBCX2_AGGTACC,NA,NA,NA
Notomys-mitcheli,Notomys,mitchelli,Hiseq2500,5,NA,ABTC94521,NA, NA, NA, NA, NA, NA, NA, NA, NA,Placeholder,Placeholder,NA,NA,NA
Notomys-mitchellii,Notomys,mitchellii,Hiseq2500,5,NA,M21518,NA, NA, NA, NA, NA, NA, NA, NA, NA,Placeholder,Placeholder,NA,NA,NA
Pseudomys-patrius,Pseudomys,patrius,Hiseq2500,5,NA,JM10865,NA, NA, NA, NA, NA,NA, NA, NA, NA,52940_BH7T33BCX2_CCAACCT,52940_BH7T77BCX2_CCAACCT,NA,NA,NA
Pseudomys-pilligaensis,Pseudomys,pilligaensis,Hiseq2500,5,NA,ABTC18120,NA, NA, NA, NA, NA, NA, NA, NA, NA,52942_BH7T33BCX2_AGAATTA,52942_BH7T77BCX2_AGAATTA,NA,NA,NA
Pseudomys-shortridgei,Pseudomys,shortridgei,Hiseq2500,5,NA,M7890,NA, NA, NA, NA, NA, NA, NA, NA, NA,Placeholder,Placeholder,NA,NA,NA
Pseudomys-shortridgei,Pseudomys,shortridgei,Hiseq2500,5,NA,M62127,NA, NA, NA, NA, NA, NA, NA, NA, NA,Placeholder,Placeholder,NA,NA,NA
Pseudomys-shortridgei,Pseudomys,shortridgei,Hiseq2500,5,NA,Z25113,NA, NA, NA, NA, NA, NA, NA, NA, NA,Placeholder,Placeholder,NA,NA,NA
Rattus-colletti,Rattus,colletti,Hiseq2500,5,NA,RAT25,NA, NA, NA, NA, NA, NA, NA, NA, NA,52951_BH7T33BCX2_GCTAATC,52951_BH7T77BCX2_GCTAATC,NA,NA,NA
Rattus-tunneyi,Rattus,tunneyi,Hiseq2500,5,NA,RAT130,NA, NA, NA, NA, NA, NA, NA, NA, NA,52952_BH7T33BCX2_GACTTCT,52952_BH7T77BCX2_GACTTCT,NA,NA,NA
Zyzomys-argurus,Zyzomys,argurus,Hiseq2500,5,NA,ABTC61630,NA, NA, NA, NA, NA, NA, NA, NA, NA,52946_BH7T33BCX2_AACGACC,52946_BH7T77BCX2_AACGACC,NA,NA,NA
Zyzomys-maini,Zyzomys,maini,Hiseq2500,5,NA,ABTC07900,NA, NA, NA, NA, NA, NA, NA, NA, NA,52947_BH7T33BCX2_CCAGCGG,52947_BH7T77BCX2_CCAGCGG,NA,NA,NA
Zyzomys-palatalis,Zyzomys,palatalis,Hiseq2500,5,NA,ABTC30744,NA, NA, NA, NA, NA, NA, NA, NA, NA,52949_BH7T33BCX2_TGGCAAT,52949_BH7T77BCX2_TGGCAAT,NA,NA,NA
Zyzomys-pedunculatus,Zyzomys,pedunculatus,Hiseq2500,5,NA,Z34925,NA, NA, NA, NA, NA, NA, NA, NA, NA,52948_BH7T33BCX2_TAGTTCC,52948_BH7T77BCX2_TAGTTCC,NA,NA,NA
Zyzomys-woodwardi,Zyzomys,woodwardi,Hiseq2500,5,NA,WAMM21724,NA, NA, NA, NA, NA, NA, NA, NA, NA,52950_BH7T33BCX2_CGTATAT,52950_BH7T77BCX2_CGTATAT,NA,NA,NA
Pseudomys-albocinereus,Pseudomys,albocinereus,Hiseq2500,5,NA,WAMM18855,NA, NA, NA, NA, NA, NA, NA, NA, NA,52930_AH7T2JBCX2_AACCTGC,52930_AH7T7NBCX2_AACCTGC,NA,NA,NA
Pseudomys-apodemoides,Pseudomys,apodemoides,Hiseq2500,5,NA,M16672,NA, NA, NA, NA, NA, NA, NA, NA, NA,52931_AH7T2JBCX2_GACGATT,52931_AH7T7NBCX2_GACGATT,NA,NA,NA
Pseudomys-auritus,Pseudomys,auritus,Hiseq2500,5,NA,1846_4_4_67,NA, NA, NA, NA, NA, NA, NA, NA, NA,53928_HTVLKBCX2_TAATGCG,53928_HTVLWBCX2_TAATGCG,NA,NA,NA
Pseudomys-australis,Pseudomys,australis,Hiseq2500,5,NA,M25541,NA, NA, NA, NA, NA, NA, NA, NA, NA,52932_AH7T2JBCX2_TAGGCCG,52932_AH7T7NBCX2_TAGGCCG,NA,NA,NA
Pseudomys-bolami,Pseudomys,bolami,Hiseq2500,5,NA,ABTC08077,NA, NA, NA, NA, NA, NA, NA, NA, NA,Placeholder,Placeholder,NA,NA,NA
Pseudomys-bolami,Pseudomys,bolami,Hiseq2500,5,NA,ABTC107389,NA, NA, NA, NA, NA, NA, NA, NA, NA,Placeholder,Placeholder,NA,NA,NA
Pseudomys-calabyi,Pseudomys,calabyi,Hiseq2500,5,NA,WAMM56280,NA, NA, NA, NA, NA, NA, NA, NA, NA,52938_BH7T33BCX2_AATAAGC,52938_BH7T77BCX2_AATAAGC,NA,NA,NA
Pseudomys-chapmani,Pseudomys,chapmani,Hiseq2500,5,NA,WAMM29440,NA, NA, NA, NA, NA, NA, NA, NA, NA,52926_AH7T2JBCX2_TCAGCTT,52926_AH7T7NBCX2_TCAGCTT,NA,NA,NA
Pseudomys-delicatulus,Pseudomys,delicatulus,Hiseq2500,5,NA,JM18363,NA, NA, NA, NA, NA, NA, NA, NA, NA,Placeholder,Placeholder,NA,NA,NA
Pseudomys-delicatulus,Pseudomys,delicatulus,Hiseq2500,5,NA,M29247,NA, NA, NA, NA, NA, NA, NA, NA, NA,Placeholder,Placeholder,NA,NA,NA
Pseudomys-delicatulus,Pseudomys,delicatulus,Hiseq2500,5,NA,U1509,NA, NA, NA, NA, NA, NA, NA, NA, NA,Placeholder,Placeholder,NA,NA,NA
Pseudomys-delicatulus,Pseudomys,delicatulus,Hiseq2500,5,NA,WAMM29247,NA, NA, NA, NA, NA, NA, NA, NA, NA,Placeholder,Placeholder,NA,NA,NA
Pseudomys-desertor,Pseudomys,desertor,Hiseq2500,5,NA,ABTC41464,NA, NA, NA, NA, NA, NA, NA, NA, NA,52925_AH7T2JBCX2_GTCCGGC,52925_AH7T7NBCX2_GTCCGGC,NA,NA,NA
Pseudomys-fieldi,Pseudomys,fieldi,Hiseq2500,5,NA,ABTC08164,NA, NA, NA, NA, NA, NA, NA, NA, NA,52941_BH7T33BCX2_GCAGAAG,52941_BH7T77BCX2_GCAGAAG,NA,NA,NA
Pseudomys-fumeus,Pseudomys,fumeus,Hiseq2500,5,NA,ABTC08168,NA, NA, NA, NA, NA, NA, NA, NA, NA,52955_BH7T33BCX2_AGCAGGT,52955_BH7T77BCX2_AGCAGGT,NA,NA,NA
Pseudomys-gouldii,Pseudomys,gouldii,Hiseq2500,5,NA,C955,NA, NA, NA, NA, NA, NA, NA, NA, NA,52955_BH7T33BCX2_AGCAGGT,52955_BH7T77BCX2_AGCAGGT,NA,NA,NA
Pseudomys-gracilicaudatus,Pseudomys,gracilicaudatus,Hiseq2500,5,NA,ABTC08163,NA, NA, NA, NA, NA, NA, NA, NA, NA,52934_AH7T2JBCX2_TTCAACC,52934_AH7T7NBCX2_TTCAACC,NA,NA,NA
Pseudomys-hermannsburgensis,Pseudomys,hermannsburgensis,Hiseq2500,5,NA,ABTC08067,NA, NA, NA, NA, NA, NA, NA, NA, NA,52943_BH7T33BCX2_CAGCATC,52943_BH7T77BCX2_CAGCATC,NA,NA,NA
Pseudomys-higginsi,Pseudomys,higginsi,Hiseq2500,5,NA,UC1421,NA, NA, NA, NA, NA, NA, NA, NA, NA,52953_BH7T33BCX2_GTACTAT,52953_BH7T77BCX2_GTACTAT,53925_HTVLKBCX2_ACTATCA,53925_HTVLWBCX2_ACTATCA,NA
Pseudomys-johnsoni,Pseudomys,johnsoni,Hiseq2500,5,NA,ABTC08053,NA, NA, NA, NA, NA, NA, NA, NA, NA,52935_AH7T2JBCX2_TTAACTC,52935_AH7T7NBCX2_TTAACTC,NA,NA,NA
Pseudomys-nanus,Pseudomys,nanus,Hiseq2500,5,NA,U1448,NA, NA, NA, NA, NA, NA, NA, NA, NA,52936_AH7T2JBCX2_TAGTCTA,52936_AH7T7NBCX2_TAGTCTA,NA,NA,NA
Pseudomys-novaehollandiae,Pseudomys,novaehollandiae,Hiseq2500,5,NA,ABTC08140,NA, NA, NA, NA, NA, NA, NA, NA, NA,Placeholder,Placeholder,NA,NA,NA
Pseudomys-novaehollandiae,Pseudomys,novaehollandiae,Hiseq2500,5,NA,NMV_C22127,NA, NA, NA, NA, NA, NA, NA, NA, NA,Placeholder,Placeholder,NA,NA,NA
Pseudomys-occidentalis,Pseudomys,occidentalis,Hiseq2500,5,NA,ABTC08043,NA, NA, NA, NA, NA, NA, NA, NA, NA,52939_BH7T33BCX2_AGCCTTG,52939_BH7T77BCX2_AGCCTTG,NA,NA,NA
Pseudomys-oralis,Pseudomys,oralis,Hiseq2500,5,NA,RAT7,NA, NA, NA, NA, NA, NA, NA, NA, NA,52928_AH7T2JBCX2_GCCTACG,52928_AH7T7NBCX2_GCCTACG,NA,NA,NA
Rattus-morotaiensis,Rattus,morotaiensis,Hiseq4000,6,4,A-M29,NA,NA,NA,NA,NA,NA,NA,NA,NA,NA,NA,NA,NA,A-M29
Hyomys-goliath,Hyomys,goliath,Hiseq4000,6,4,A42697,NA,NA,NA,NA,NA,NA,NA,NA,NA,NA,NA,NA,NA,A42697
Mastomys-natalensis,Mastomys,natalensis,Hiseq4000,6,4,T4162,NA,NA,NA,NA,NA,NA,NA,NA,NA,NA,NA,NA,NA,T4162
Pithechaeir-melanurus,Pithechaeir,melanurus,Hiseq4000,6,4,SM070,NA,NA,NA,NA,NA,NA,NA,NA,NA,NA,NA,NA,NA,SM070
Crossomys-moncktoni,Crossomys,moncktoni,Hiseq4000,6,4,SM036,NA,NA,NA,NA,NA,NA,NA,NA,NA,NA,NA,NA,NA,SM036
Eropeplus-canus,Eropeplus,canus,Hiseq4000,6,4,SM115,NA,NA,NA,NA,NA,NA,NA,NA,NA,NA,NA,NA,NA,SM115
Bunomys-torajae,Bunomys,torajae,Hiseq4000,6,4,SM093,NA,NA,NA,NA,NA,NA,NA,NA,NA,NA,NA,NA,NA,SM093
Taeromys-celebensis,Taeromys,celebensis,Hiseq4000,6,4,SM094,NA,NA,NA,NA,NA,NA,NA,NA,NA,NA,NA,NA,NA,SM094
Taeromys-hamatus,Taeromys,hamatus,Hiseq4000,6,4,SM095,NA,NA,NA,NA,NA,NA,NA,NA,NA,NA,NA,NA,NA,SM095
Thallomys-paedulcus,Thallomys,paedulcus,Hiseq4000,6,4,SM096,NA,NA,NA,NA,NA,NA,NA,NA,NA,NA,NA,NA,NA,SM096
Anonymomys-mindorensis,Anonymomys,mindorensis,Hiseq4000,6,4,SM098,NA,NA,NA,NA,NA,NA,NA,NA,NA,NA,NA,NA,NA,SM098
Arvicanthus-neumanni,Arvicanthus,neumanni,Hiseq4000,6,4,SM099,NA,NA,NA,NA,NA,NA,NA,NA,NA,NA,NA,NA,NA,SM099
Arvicanthus-niloticus,Arvicanthus,niloticus,Hiseq4000,6,4,SM100,NA,NA,NA,NA,NA,NA,NA,NA,NA,NA,NA,NA,NA,SM100
Dephomys-defua,Dephomys,defua,Hiseq4000,6,4,SM101,NA,NA,NA,NA,NA,NA,NA,NA,NA,NA,NA,NA,NA,SM101
Heimyscus-fumosus,Heimyscus,fumosus,Hiseq4000,6,4,SM104,NA,NA,NA,NA,NA,NA,NA,NA,NA,NA,NA,NA,NA,SM104
Lophiomys-imhausi,Lophiomys,imhausi,Hiseq4000,6,4,SM105,NA,NA,NA,NA,NA,NA,NA,NA,NA,NA,NA,NA,NA,SM105
Lophuromys-woosnami,Lophuromys,woosnami,Hiseq4000,6,4,SM106,NA,NA,NA,NA,NA,NA,NA,NA,NA,NA,NA,NA,NA,SM106
Micaelemys-namaquensis,Micaelemys,namaquensis,Hiseq4000,6,4,SM108,NA,NA,NA,NA,NA,NA,NA,NA,NA,NA,NA,NA,NA,SM108
Mylomys-dybowskii,Mylomys,dybowskii,Hiseq4000,6,4,SM109,NA,NA,NA,NA,NA,NA,NA,NA,NA,NA,NA,NA,NA,SM109
Myomyscus-verreauxii,Myomyscus,verreauxii,Hiseq4000,6,4,SM110,NA,NA,NA,NA,NA,NA,NA,NA,NA,NA,NA,NA,NA,SM110
Rhabdomys-pumilio,Rhabdomys,pumilio,Hiseq4000,6,4,SM112,NA,NA,NA,NA,NA,NA,NA,NA,NA,NA,NA,NA,NA,SM112
Stochomys-longicaudatus,Stochomys,longicaudatus,Hiseq4000,6,4,SM113,NA,NA,NA,NA,NA,NA,NA,NA,NA,NA,NA,NA,NA,SM113
