Geographic Region,Subfamily,Tribe,Division,Genus,Species,Genus species,Extinct/TAXONOMY,Notes Specimen Taxonomy,Exome
SUNDA,Murinae,Rattini,Rattus,Rattus,andamanensis,Rattus andamanensis,,,
ASIA,Murinae,Rattini,Rattus,Rattus,losea,Rattus losea,,,
ASIA,Murinae,Rattini,Dacnomys,Niviventer,tenaster,Niviventer tenaster,,,
SUNDA,Murinae,Rattini,Dacnomys,Leopoldamys,edwardsi,Leopoldamys edwardsi,,,
ASIA,Murinae,Murini,Mus,Mus,terricolor,Mus terricolor,,,
ASIA,Murinae,Murini,Mus,Mus,booduga,Mus booduga,,,
ASIA,Murinae,Murini,Mus,Mus,lepidoides,Mus lepidoides,,,
ASIA,Murinae,Rattini,Rattus,Diplothrix,legata,Diplothrix legata,,,
ASIA,Murinae,Rattini,Dacnomys,Tonkinomys,daoventieni,Tonkinomys daoventieni,,,
ASIA,Murinae,Rattini,Rattus,Rattus,satarae,Rattus satarae,,,
ASIA,Murinae,Murini,Mus,Mus,shortridgei,Mus shortridgei,,,
AFRICA,Murinae,Otomyini,Otomys,Otomys,irroratus,Otomys irroratus,,,
ASIA,Murinae,Millardini,Millardia,Millardia,kathleenae,Millardia kathleenae,,,
ASIA,Murinae,Murini,Mus,Mus,nitidulus,Mus nitidulus,,,
ASIA,Murinae,Murini,Mus,Mus,fragilicauda,Mus fragilicauda,,,
AFRICA,Murinae,Praomyini,Stenocephalemys,Mastomys,erythroleucus,Mastomys erythroleucus,,,
AFRICA,Murinae,Praomyini,Stenocephalemys,Mastomys,coucha,Mastomys coucha,,,
AFRICA,Murinae,Arvicanthini,Aethomys,Aethomys,ineptus,Aethomys ineptus,,,
AFRICA,Murinae,Arvicanthini,Arvicanthis,Lemniscomys,griselda,Lemniscomys griselda,,,
WALLACEA,Murinae,Rattini,Rattus,Rattus,hainaldi,Rattus hainaldi,,,
SAHUL,Murinae,Hydromyini,Hydromys,Pseudohydromys,patriciae,Pseudohydromys patriciae,,different than other Pseudohydromys,
SAHUL,Murinae,Hydromyini,Mallomys,Mallomys,gunung,Mallomys gunung,,,
AFRICA,Murinae,Arvicanthini,Arvicanthis,Arvicanthis,blicki,Arvicanthis blicki,,,
AFRICA,Murinae,Otomyini,Otomys,Otomys,anchietae,Otomys anchietae,,,
SAHUL,Murinae,Hydromyini,Hydromys,Leptomys,signatus,Leptomys signatus,,,
SAHUL,Murinae,Hydromyini,Hydromys,Leptomys,paulus,Leptomys paulus,,,
WALLACEA,Murinae,Rattini,Rattus,Rattus,salocco,Rattus salocco,,,
WALLACEA,Murinae,Rattini,Bunomys,Taeromys,microbullatus,Taeromys microbullatus,,,
SUNDA,Murinae,Rattini,Rattus,Rattus,lugens,Rattus lugens,,,
SUNDA,Murinae,Hydromyini,Haeromys,Haeromys,pusillus,Haeromys pusillus,,,
WALLACEA,Murinae,Rattini,Rattus,Rattus,koopmani,Rattus koopmani,,,
WALLACEA,Murinae,Rattini,Rattus,Rattus,pelurus,Rattus pelurus,,,
WALLACEA,Murinae,Rattini,Rattus,Rattus,elaphinus,Rattus elaphinus,,,
SAHUL,Murinae,Hydromyini,Uromys,Melomys,frigicola,Melomys frigicola,,in the lutillus/burtoni. High elevation,
SAHUL,Murinae,Hydromyini,incertae sedis,Coccymys,kirrhos,Coccymys kirrhos,,,
WALLACEA,Murinae,Rattini,Rattus,Rattus,mollicomulus,Rattus mollicomulus,,,
WALLACEA,Murinae,Rattini,Bunomys,Taeromys,callitrichus,Taeromys callitrichus,,,1
WALLACEA,Murinae,Rattini,Bunomys,Taeromys,arcuatus,Taeromys arcuatus,,,
WALLACEA,Murinae,Rattini,Bunomys,Bunomys,karokophilus,Bunomys karokophilus,,,
AFRICA,Murinae,Arvicanthini,Aethomys,Aethomys,stannarius,Aethomys stannarius,,,
ASIA,Murinae,Murini,Mus,Mus,mayori,Mus mayori,,,
SUNDA,Murinae,Murini,Mus,Mus,vulcani,Mus vulcani,,,
AFRICA,Murinae,Arvicanthini,Oenomys,Thamnomys,schoutedeni,Thamnomys schoutedeni,,,
AFRICA,Murinae,Arvicanthini,Oenomys,Thamnomys,major,Thamnomys major,,,
AFRICA,Murinae,Arvicanthini,Aethomys,Aethomys,bocagei,Aethomys bocagei,,,
AFRICA,Murinae,Otomyini,Otomys,Otomys,cuanzensis,Otomys cuanzensis,,,
AFRICA,Murinae,Arvicanthini,Aethomys,Aethomys,thomasi,Aethomys thomasi,,,
ASIA,Murinae,incertae sedis,incertae sedis,Vernaya,fulva,Vernaya fulva,,,
SAHUL,Murinae,Hydromyini,Pogonomys,Macruromys,elegans,Macruromys elegans,,,
SAHUL,Murinae,Hydromyini,Hydromys,Baiyankamys,habbema,Baiyankamys habbema,,,
SAHUL,Murinae,Hydromyini,Hydromys,Pseudohydromys,occidentalis,Pseudohydromys occidentalis,,Check Helgen,
SAHUL,Murinae,Hydromyini,Uromys,Uromys,boeadii,Uromys boeadii,,,
AFRICA,Murinae,Arvicanthini,Oenomys,Grammomys,caniceps,Grammomys caniceps,,,
PHILIPPINES,Murinae,Phloeomyini,Phloeomys,Crateromys,paulus,Crateromys paulus,,,
SAHUL,Murinae,Hydromyini,Hydromys,Hydromys,neobritannicus,Hydromys neobritannicus,,,
SAHUL,Murinae,Hydromyini,Hydromys,Hydromys,ziegleri,Hydromys ziegleri,,Not paritcularly deep lineage ala Kris,
SAHUL,Murinae,Hydromyini,Hydromys,Pseudohydromys,carlae,Pseudohydromys carlae,,"Check Helgen, ellermani group, one-toothed",
SAHUL,Murinae,Hydromyini,Hydromys,Pseudohydromys,berniceae,Pseudohydromys berniceae,,"Check Helgen, close to murinus group",
SAHUL,Murinae,Hydromyini,Hydromys,Microhydromys,argenteus,Microhydromys argenteus,,,
AFRICA,Murinae,Arvicanthini,Arvicanthis,Arvicanthis,rufinus,Arvicanthis rufinus,,,
AFRICA,Murinae,Murini,Mus,Mus,indutus,Mus indutus,,,
AFRICA,Murinae,Arvicanthini,Oenomys,Thallomys,nigricauda,Thallomys nigricauda,,,
PHILIPPINES,Murinae,Rattini,Rattus,Rattus,tawitawiensis,Rattus tawitawiensis,,,
AFRICA,Murinae,Praomyini,Stenocephalemys,Hylomyscus,anselli,Hylomyscus anselli,,,
ASIA,Murinae,Murini,Mus,Mus,fernandoni,Mus fernandoni,,,
PHILIPPINES,Murinae,Hydromyini,Chrotomys,Apomys,aurorae,Apomys aurorae,,,
AFRICA,Murinae,Praomyini,Stenocephalemys,Praomys,coetzeei,Praomys coetzeei,,,
AFRICA,Murinae,Praomyini,Stenocephalemys,Hylomyscus,carillus,Hylomyscus carillus,,,
ASIA,Murinae,Apodemini,Apodemus,Apodemus,witherbyi,Apodemus witherbyi,,,
ASIA,Murinae,Rattini,Berylmys,Berylmys,manipulus,Berylmys manipulus,,,
AFRICA,Murinae,Arvicanthini,Oenomys,Thallomys,loringi,Thallomys loringi,,,
AFRICA,Murinae,Arvicanthini,Arvicanthis,Lemniscomys,macculus,Lemniscomys macculus,,,
AFRICA,Murinae,Praomyini,Stenocephalemys,Hylomyscus,heinrichorum,Hylomyscus heinrichorum,,,
AFRICA,Murinae,Murini,Mus,Mus,callewaerti,Mus callewaerti,,,
AFRICA,Murinae,Murini,Mus,Mus,sorella,Mus sorella,,,
AFRICA,Murinae,Praomyini,Stenocephalemys,Myomyscus,angolensis,Myomyscus angolensis,,,
SUNDA,Murinae,Rattini,Dacnomys,Lenothrix,canus,Lenothrix canus,,,
ASIA,Murinae,Millardini,Millardia,Madromys,blanfordi,Madromys blanfordi,,,
AFRICA,Murinae,Otomyini,Otomys,Otomys,sungae,Otomys sungae,,,
AFRICA,Murinae,Otomyini,Otomys,Otomys,dartmouthi,Otomys dartmouthi,,,
PHILIPPINES,Murinae,Phloeomyini,Phloeomys,Batomys,salomonseni,Batomys salomonseni,,,
PHILIPPINES,Murinae,Hydromyini,Chrotomys,Soricomys,kalinga,Soricomys kalinga,,,
AFRICA,Murinae,Arvicanthini,Hybomys,Hybomys,basilii,Hybomys basilii,,,
PHILIPPINES,Murinae,Rattini,Rattus,Tarsomys,echinatus,Tarsomys echinatus,,,
PHILIPPINES,Murinae,Rattini,incertae sedis,Anonymomys,mindorensis,Anonymomys mindorensis,,,1
AFRICA,Murinae,Praomyini,Stenocephalemys,Praomys,minor,Praomys minor,,,
AFRICA,Murinae,Arvicanthini,Hybomys,Desmomys,harringtoni,Desmomys harringtoni,,,
AFRICA,Murinae,Praomyini,Stenocephalemys,Myomyscus,brockmani,Myomyscus brockmani,,,
AFRICA,Murinae,Praomyini,Colomys,Nilopegamys,plumbeus,Nilopegamys plumbeus,,,
ASIA,Murinae,Rattini,Rattus,Rattus,osgoodi,Rattus osgoodi,,,
PHILIPPINES,Murinae,Rattini,Rattus,Abditomys,latidens,Abditomys latidens,,,
AFRICA,Murinae,Arvicanthini,Oenomys,Grammomys,macmillani,Grammomys macmillani,,,
PHILIPPINES,Murinae,Rattini,Rattus,Rattus,everetti,Rattus everetti,,,
AFRICA,Murinae,Otomyini,Otomys,Otomys,typus,Otomys typus,,,
AFRICA,Murinae,Praomyini,Stenocephalemys,Hylomyscus,denniae,Hylomyscus denniae,,,
PHILIPPINES,Murinae,Hydromyini,Chrotomys,Chrotomys,sibuyanensis,Chrotomys sibuyanensis,,,
AFRICA,Murinae,Praomyini,Stenocephalemys,Hylomyscus,arcimontensis,Hylomyscus arcimontensis,,,
PHILIPPINES,Murinae,Rattini,Rattus,Limnomys,bryophilus,Limnomys bryophilus,,,
AFRICA,Murinae,Praomyini,Stenocephalemys,Hylomyscus,aeta,Hylomyscus aeta,,,
AFRICA,Murinae,Praomyini,Stenocephalemys,Praomys,verschureni,Praomys verschureni,,,
AFRICA,Murinae,Praomyini,Stenocephalemys,Praomys,misonnei,Praomys misonnei,,,
AFRICA,Murinae,Arvicanthini,Oenomys,Grammomys,ibeanus,Grammomys ibeanus,,,
PHILIPPINES,Murinae,Rattini,Bunomys,Bullimus,gamay,Bullimus gamay,,,
AFRICA,Murinae,Otomyini,Otomys,Otomys,lacustris,Otomys lacustris,,,
AFRICA,Murinae,Arvicanthini,Arvicanthis,Arvicanthis,nairobae,Arvicanthis nairobae,,,
AFRICA,Murinae,Arvicanthini,Arvicanthis,Arvicanthis,neumanni,Arvicanthus neumanni,,changed to match tree,1
AFRICA,Murinae,Arvicanthini,Oenomys,Thallomys,paedulcus,Thallomys paedulcus,,,1
AFRICA,Murinae,Murini,Mus,Mus,setulosus,Mus setulosus,,,
PHILIPPINES,Murinae,Hydromyini,Chrotomys,Apomys,abrae,Apomys abrae,,,
PHILIPPINES,Murinae,Hydromyini,Chrotomys,Rhynchomys,soricoides,Rhynchomys soricoides,,,
AFRICA,Murinae,Arvicanthini,Oenomys,Grammomys,poensis,Grammomys poensis,,,
AFRICA,Murinae,Praomyini,Stenocephalemys,Hylomyscus,parvus,Hylomyscus parvus,,,
AFRICA,Murinae,Praomyini,Stenocephalemys,Heimyscus,fumosus,Heimyscus fumosus,,,1
AFRICA,Murinae,Praomyini,Stenocephalemys,Praomys,tullbergi,Praomys tullbergi,,,
AFRICA,Murinae,Arvicanthini,Aethomys,Aethomys,chrysophilus,Aethomys chrysophilus,,,
AFRICA,Murinae,Arvicanthini,Arvicanthis,Rhabdomys,dilectus,Rhabdomys dilectus,,,
PHILIPPINES,Murinae,Phloeomyini,Phloeomys,Batomys,granti,Batomys granti,,,
PHILIPPINES,Murinae,Rattini,Bunomys,Bullimus,luzonicus,Bullimus luzonicus,,,
PHILIPPINES,Murinae,Hydromyini,Chrotomys,Chrotomys,silaceus,Chrotomys silaceus,,,
AFRICA,Murinae,Arvicanthini,Aethomys,Aethomys,kaiseri,Aethomys kaiseri,,,
AFRICA,Murinae,Praomyini,Colomys,Zelotomys,hildegardeae,Zelotomys hildegardeae,,,
AFRICA,Murinae,Arvicanthini,Arvicanthis,Pelomys,fallax,Pelomys fallax,,,
AFRICA,Murinae,Otomyini,Otomys,Otomys,angoniensis,Otomys angoniensis,,,
PHILIPPINES,Murinae,Hydromyini,Chrotomys,Apomys,musculus,Apomys musculus,,,
PHILIPPINES,Murinae,Phloeomyini,Phloeomys,Carpomys,phaeurus,Carpomys phaeurus,,,
PHILIPPINES,Murinae,Hydromyini,Chrotomys,Apomys,sierrae,Apomys sierrae,,,
PHILIPPINES,Murinae,Hydromyini,Chrotomys,Apomys,zambalensis,Apomys zambalensis,,,
PHILIPPINES,Murinae,Hydromyini,Chrotomys,Apomys,magnus,Apomys magnus,,,
PHILIPPINES,Murinae,Hydromyini,Chrotomys,Apomys,banahao,Apomys banahao,,,
PHILIPPINES,Murinae,Phloeomyini,Phloeomys,Musseromys,gulantang,Musseromys gulantang,,,
PHILIPPINES,Murinae,Hydromyini,Chrotomys,Rhynchomys,banahao,Rhynchomys banahao,,,
PHILIPPINES,Murinae,Hydromyini,Chrotomys,Apomys,brownorum,Apomys brownorum,,,
PHILIPPINES,Murinae,Hydromyini,Chrotomys,Rhynchomys,tapulao,Rhynchomys tapulao,,,
PHILIPPINES,Murinae,Hydromyini,Chrotomys,Soricomys,musseri,Soricomys musseri,,,
AFRICA,Murinae,Praomyini,Stenocephalemys,Mastomys,pernanus,Mastomys pernanus,,,
PHILIPPINES,Murinae,Phloeomyini,Phloeomys,Batomys,hamiguitan,Batomys hamiguitan,,,
AFRICA,Murinae,Praomyini,Stenocephalemys,Hylomyscus,endorobae,Hylomyscus endorobae,,,
PHILIPPINES,Murinae,Hydromyini,Chrotomys,Apomys,minganensis,Apomys minganensis,,,
PHILIPPINES,Murinae,Hydromyini,Chrotomys,Soricomys,leonardocoi,Soricomys leonardocoi,,,
PHILIPPINES,Murinae,Hydromyini,Chrotomys,Rhynchomys,mingan,Rhynchomys mingan,,,
AFRICA,Murinae,Otomyini,Otomys,Otomys,uzungwensis,Otomys uzungwensis,,,
PHILIPPINES,Murinae,Hydromyini,Chrotomys,Archboldomys,maximus,Archboldomys maximus,,,
PHILIPPINES,Murinae,Phloeomyini,Phloeomys,Crateromys,schadenbergi,Crateromys schadenbergi,,,
PHILIPPINES,Murinae,Phloeomyini,Phloeomys,Musseromys,inopinatus,Musseromys inopinatus,,,
SUNDA,Murinae,Rattini,Rattus,Palawanomys,furvus,Palawanomys furvus,,,
PHILIPPINES,Murinae,Phloeomyini,Phloeomys,Musseromys,beneficus,Musseromys beneficus,,,
AFRICA,Murinae,Praomyini,Stenocephalemys,Praomys,morio,Praomys morio,,,
PHILIPPINES,Murinae,Hydromyini,Chrotomys,Apomys,iridensis,Apomys iridensis,,,
PHILIPPINES,Murinae,Hydromyini,Chrotomys,Apomys,littoralis,Apomys littoralis,,,
AFRICA,Murinae,Praomyini,Stenocephalemys,Hylomyscus,kerbispeterhansi,Hylomyscus kerbispeterhansi,,,
PHILIPPINES,Murinae,Hydromyini,Chrotomys,Apomys,sacobianus,Apomys sacobianus,,,
AFRICA,Murinae,Arvicanthini,Oenomys,Grammomys,cometes,Grammomys cometes,,,
AFRICA,Murinae,Otomyini,Otomys,Otomys,jacksoni,Otomys jacksoni,,,
AFRICA,Murinae,Otomyini,Otomys,Otomys,barbouri,Otomys barbouri,,,
PHILIPPINES,Murinae,Hydromyini,Chrotomys,Apomys,gracilirostris,Apomys gracilirostris,,,
PHILIPPINES,Murinae,Rattini,Rattus,Rattus,mindorensis,Rattus mindorensis,,,
AFRICA,Murinae,Arvicanthini,Arvicanthis,Pelomys,hopkinsi,Pelomys hopkinsi,,,
AFRICA,Murinae,Praomyini,Stenocephalemys,Hylomyscus,walterverheyeni,Hylomyscus walterverheyeni,,,
AFRICA,Murinae,Arvicanthini,Arvicanthis,Arvicanthis,abyssinicus,Arvicanthis abyssinicus,,,
AFRICA,Murinae,Murini,Mus,Mus,mahomet,Mus mahomet,,,
AFRICA,Murinae,Murini,Mus,Mus,imberbis,Mus imberbis,,,
AFRICA,Murinae,Praomyini,Stenocephalemys,Stenocephalemys,albipes,Stenocephalemys albipes,,,
AFRICA,Murinae,Otomyini,Otomys,Otomys,simiensis,Otomys simiensis,,,
AFRICA,Murinae,Arvicanthini,Arvicanthis,Lemniscomys,barbarus,Lemniscomys barbarus,,,
SUNDA,Murinae,Rattini,Rattus,Rattus,baluensis,Rattus baluensis,,,
AFRICA,Murinae,Murini,Mus,Mus,tenellus,Mus tenellus,,,
PHILIPPINES,Murinae,Hydromyini,Chrotomys,Soricomys,montanus,Soricomys montanus,,,
ASIA,Murinae,Millardini,Millardia,Millardia,gleadowi,Millardia gleadowi,,,
ASIA,Murinae,Millardini,Millardia,Cremnomys,cutchicus,Cremnomys cutchicus,,,
WALLACEA,Murinae,Rattini,Maxomys,Maxomys,wattsi,Maxomys wattsi,,,
PHILIPPINES,Murinae,Hydromyini,Chrotomys,Rhynchomys,labo,Rhynchomys labo,,,
ASIA,Murinae,incertae sedis,incertae sedis,Hadromys,yunnanensis,Hadromys yunnanensis,,,
ASIA,Murinae,Apodemini,Apodemus,Apodemus,alpicola,Apodemus alpicola,,,
ASIA,Murinae,incertae sedis,incertae sedis,Hadromys,humei,Hadromys humei,,,
ASIA,Murinae,Rattini,Dacnomys,Niviventer,fraternus,Niviventer fraternus,,,
ASIA,Murinae,Rattini,Dacnomys,Niviventer,brahma,Niviventer brahma,,,
AFRICA,Murinae,Praomyini,Stenocephalemys,Stenocephalemys,albocaudata,Stenocephalemys albocaudata,,,
AFRICA,Murinae,Arvicanthini,Oenomys,Grammomys,selousi,Grammomys selousi,,,
ASIA,Murinae,Murini,Mus,Mus,cypriacus,Mus cypriacus,,,
AFRICA,Murinae,Arvicanthini,Arvicanthis,Rhabdomys,bechuanae,Rhabdomys bechuanae,,,
AFRICA,Murinae,Otomyini,Otomys,Otomys,unisulcatus,Otomys unisulcatus,,,
AFRICA,Murinae,Otomyini,Otomys,Otomys,auratus,Otomys auratus,,,
AFRICA,Murinae,Arvicanthini,Arvicanthis,Rhabdomys,intermedius,Rhabdomys intermedius,,,
ASIA,Murinae,Apodemini,Apodemus,Tokudaia,muenninki,Tokudaia muenninki,,,
ASIA,Murinae,Apodemini,Apodemus,Tokudaia,osimensis,Tokudaia osimensis,,,
ASIA,Murinae,Apodemini,Apodemus,Tokudaia,tokunoshimensis,Tokudaia tokunoshimensis,,,
AFRICA,Murinae,Otomyini,Otomys,Otomys,laminatus,Otomys laminatus,,,
AFRICA,Murinae,Otomyini,Otomys,Otomys,karoensis,Otomys karoensis,,,
AFRICA,Murinae,Otomyini,Otomys,Otomys,thomasi,Otomys thomasi,,,
AFRICA,Murinae,Otomyini,Otomys,Otomys,yaldeni,Otomys yaldeni,,,
AFRICA,Murinae,Otomyini,Otomys,Otomys,zinki,Otomys zinki,,,
AFRICA,Murinae,Otomyini,Otomys,Otomys,sloggetti,Otomys sloggetti,,,
AFRICA,Murinae,Otomyini,Otomys,Parotomys,littledalei,Parotomys littledalei,,,
AFRICA,Murinae,Otomyini,Otomys,Parotomys,brantsii,Parotomys brantsii,,,
ASIA,Murinae,Rattini,Dacnomys,Niviventer,niviventer,Niviventer niviventer,,,
ASIA,Murinae,Rattini,Dacnomys,Niviventer,ling,Niviventer ling,,,
SUNDA,Murinae,Rattini,Rattus,Rattus,korinchi,Rattus korinchi,,,
ASIA,Murinae,Praomyini,Stenocephalemys,Hylomyscus,kaimosae,Hylomyscus kaimosae,,,
AFRICA,Murinae,Arvicanthini,Arvicanthis,Arvicanthis,ansorgei,Arvicanthis ansorgei,,,
AFRICA,Murinae,Arvicanthini,Hybomys,Hybomys (Typomys),trivirgatus,Hybomys (Typomys) trivirgatus,,,
AFRICA,Murinae,Arvicanthini,Arvicanthis,Lamottemys,okuensis,Lamottemys okuensis,,,
ASIA,Murinae,Murini,Mus,Mus,saxicola,Mus saxicola,,,
AFRICA,Murinae,Arvicanthini,Hybomys,Dephomys,eburneae,Dephomys eburneae,,,
AFRICA,Murinae,Murini,Mus,Mus,haussa,Mus haussa,,,
AFRICA,Murinae,Murini,Mus,Mus,goundae,Mus goundae,,,
AFRICA,Murinae,Arvicanthini,Oenomys,Oenomys,ornatus,Oenomys ornatus,,,
AFRICA,Murinae,Otomyini,Otomys,Otomys,occidentalis,Otomys occidentalis,,,
AFRICA,Murinae,Murini,Mus,Mus,oubanguii,Mus oubanguii,,,
AFRICA,Murinae,Arvicanthini,Arvicanthis,Pelomys,campanae,Pelomys campanae,,,
ASIA,Murinae,Murini,Mus,Mus,famulus,Mus famulus,,,
AFRICA,Murinae,Malacomyini,Malacomys,Malacomys,cansdalei,Malacomys cansdalei,,,
AFRICA,Murinae,Malacomyini,Malacomys,Malacomys,edwardsi,Malacomys edwardsi,,,
AFRICA,Murinae,Praomyini,Stenocephalemys,Praomys,daltoni,Praomys daltoni,,,
AFRICA,Murinae,Arvicanthini,Arvicanthis,Lemniscomys,zebra,Lemniscomys zebra,,,
AFRICA,Murinae,Arvicanthini,Aethomys,Micaelamys,namaquensis,Micaelemys namaquensis,,changed to match tree,1
AFRICA,Murinae,Praomyini,Stenocephalemys,Myomyscus,yemeni,Myomyscus yemeni,,,
AFRICA,Murinae,Arvicanthini,Arvicanthis,Rhabdomys,pumilio,Rhabdomys pumilio,,,1
AFRICA,Murinae,Arvicanthini,Arvicanthis,Lemniscomys,striatus,Lemniscomys striatus,,,1
AFRICA,Murinae,Arvicanthini,Arvicanthis,Mylomys,dybowskii,Mylomys dybowskii,,,1
AFRICA,Murinae,Praomyini,Stenocephalemys,Myomyscus,verreauxii,Myomyscus verreauxii,,,1
AFRICA,Murinae,Arvicanthini,Arvicanthis,Arvicanthis,niloticus,Arvicanthus niloticus,,changed to match tree,1
AFRICA,Murinae,Arvicanthini,Hybomys,Stochomys,longicaudatus,Stochomys longicaudatus,,,1
AFRICA,Murinae,Praomyini,Stenocephalemys,Mastomys,kollmannspergeri,Mastomys kollmannspergeri,,,
AFRICA,Murinae,Praomyini,Stenocephalemys,Hylomyscus,pamfi,Hylomyscus pamfi,,,
AFRICA,Murinae,Murini,Mus,Mus,mattheyi,Mus mattheyi,,,
AFRICA,Murinae,Arvicanthini,Hybomys,Hybomys,badius,Hybomys badius,,,
AFRICA,Murinae,Murini,Mus,Mus,baoulei,Mus baoulei,,,
AFRICA,Murinae,Praomyini,Stenocephalemys,Hylomyscus,grandis,Hylomyscus grandis,,,
AFRICA,Murinae,Arvicanthini,Arvicanthis,Lemniscomys,mittendorfi,Lemniscomys mittendorfi,,,
AFRICA,Murinae,Praomyini,Stenocephalemys,Hylomyscus,baeri,Hylomyscus baeri,,,
AFRICA,Murinae,Praomyini,Stenocephalemys,Praomys,hartwigi,Praomys hartwigi,,,
AFRICA,Murinae,Praomyini,Stenocephalemys,Praomys,rostratus,Praomys rostratus,,,
AFRICA,Murinae,Arvicanthini,Aethomys,Micaelamys,granti,Micaelamys granti,,,
ASIA,Murinae,Arvicanthini,Golunda,Golunda,ellioti,Golunda ellioti,,,
AFRICA,Murinae,Praomyini,Stenocephalemys,Praomys,petteri,Praomys petteri,,,
AFRICA,Murinae,Arvicanthini,Hybomys,Dephomys,defua,Dephomys defua,,,1
AFRICA,Murinae,Arvicanthini,Arvicanthis,Lemniscomys,bellieri,Lemniscomys bellieri,,,
AFRICA,Murinae,Arvicanthini,Arvicanthis,Lemniscomys,linulus,Lemniscomys linulus,,,
AFRICA,Murinae,Praomyini,Stenocephalemys,Hylomyscus,simus,Hylomyscus simus,,,
ASIA,Murinae,Murini,Mus,Malpaisomys,insularis,Malpaisomys insularis,,,
ASIA,Murinae,Apodemini,Apodemus,Apodemus,draco,Apodemus draco,,,
ASIA,Murinae,Apodemini,Apodemus,Apodemus,chevrieri,Apodemus chevrieri,,,
ASIA,Murinae,Apodemini,Apodemus,Apodemus,peninsulae,Apodemus peninsulae,,,
ASIA,Murinae,Apodemini,Apodemus,Apodemus,latronum,Apodemus latronum,,,
ASIA,Murinae,Apodemini,Apodemus,Apodemus,argenteus,Apodemus argenteus,,,
ASIA,Murinae,Apodemini,Apodemus,Apodemus,uralensis,Apodemus uralensis,,,
ASIA,Murinae,Apodemini,Apodemus,Apodemus,speciosus,Apodemus speciosus,,,
ASIA,Murinae,Apodemini,Apodemus,Apodemus,microps,Apodemus microps,,,
ASIA,Murinae,Rattini,Micromys,Micromys,minutus,Micromys minutus,,,
ASIA,Murinae,Rattini,Rattus,Bandicota,bengalensis,Bandicota bengalensis,,,
ASIA,Murinae,Rattini,Rattus,Bandicota,savilei,Bandicota savilei,,,
SUNDA,Murinae,Rattini,Berylmys,Berylmys,berdmorei,Berylmys berdmorei,,,
WALLACEA,Murinae,Rattini,Echiothrix,Echiothrix,leucura,Echiothrix leucura,,,
WALLACEA,Murinae,Rattini,Dacnomys,Margaretamys,beccarii,Margaretamys beccarii,,,
WALLACEA,Murinae,Rattini,Dacnomys,Margaretamys,elegans,Margaretamys elegans,,,
WALLACEA,Murinae,Rattini,Dacnomys,Margaretamys,sp nov Bawakaraeng,Margaretamys sp nov Bawakaraeng,,,
WALLACEA,Murinae,Rattini,Dacnomys,Margaretamys,sp nov Dako,Margaretamys sp nov Dako,,,
WALLACEA,Murinae,Rattini,Maxomys,Maxomys,dollmani,Maxomys dollmani,,,
ASIA,Murinae,Rattini,Dacnomys,Niviventer,confucianus,Niviventer confucianus,,,
ASIA,Murinae,Rattini,Dacnomys,Niviventer,culturatus,Niviventer culturatus,,,
ASIA,Murinae,Rattini,Dacnomys,Niviventer,eha,Niviventer eha,,,
SUNDA,Murinae,Rattini,Dacnomys,Niviventer,fulvescens,Niviventer fulvescens,,,
WALLACEA,Murinae,Rattini,Rattus,Rattus,bontanus,Rattus bontanus,,,
ASIA,Murinae,Rattini,Rattus,Rattus,tanezumi,Rattus tanezumi,,,
SUNDA,Murinae,Rattini,Rattus,Rattus,tiomanicus,Rattus tiomanicus,,,
AFRICA,Murinae,Arvicanthini,Oenomys,Grammomys,gigas,Grammomys gigas,,,
ASIA,Murinae,Millardini,Millardia,Millardia,meltada,Millardia meltada,,,
AFRICA,Murinae,Murini,Mus,Mus,neavei,Mus neavei,,,
SAHUL,Murinae,Hydromyini,Hydromys,Pseudohydromys,murinus,Pseudohydromys murinus,,type species. ,
ASIA,Murinae,Apodemini,Apodemus,Apodemus,flavicollis,Apodemus flavicollis,,,
ASIA,Murinae,Apodemini,Apodemus,Apodemus,agrarius,Apodemus agrarius,,,
ASIA,Murinae,Apodemini,Apodemus,Apodemus,mystacinus,Apodemus mystacinus,,,
ASIA,Murinae,Rattini,Dacnomys,Niviventer,coninga,Niviventer coninga,,,
ASIA,Murinae,Rattini,Dacnomys,Dacnomys,millardi,Dacnomys millardi,,,
AFRICA,Murinae,Praomyini,Stenocephalemys,Hylomyscus,alleni,Hylomyscus alleni,,,
AFRICA,Murinae,Arvicanthini,Oenomys,Grammomys,dolichurus,Grammomys dolichurus,,,
AFRICA,Murinae,Arvicanthini,Arvicanthis,Lemniscomys,rosalia,Lemniscomys rosalia,,,
AFRICA,Murinae,Murini,Mus,Mus,triton,Mus triton,,,
AFRICA,Murinae,Praomyini,Stenocephalemys,Praomys,delectorum,Praomys delectorum,,,
SAHUL,Murinae,Rattini,Rattus,Rattus,omichlodes,Rattus omichlodes,,,
SUNDA,Murinae,Rattini,Maxomys,Maxomys,inas,Maxomys inas,,,
SUNDA,Murinae,Rattini,Dacnomys,Leopoldamys,siporanus,Leopoldamys siporanus,,,
WALLACEA,Murinae,Rattini,Rattus,Rattus,timorensis,Rattus timorensis,,,
SAHUL,Murinae,Rattini,Rattus,Rattus,nikenii,Rattus nikenii,,,
SUNDA,Murinae,Rattini,Dacnomys,Leopoldamys,diwangkarai,Leopoldamys diwangkarai,,,
SUNDA,Murinae,Rattini,Rattus,Rattus,hoogerwerfi,Rattus hoogerwerfi,,,
SUNDA,Murinae,Rattini,Maxomys,Maxomys,inflatus,Maxomys inflatus,,,
ASIA,Murinae,Apodemini,Apodemus,Apodemus,ilex,Apodemus ilex,,,
AFRICA,Murinae,Otomyini,Otomys,Otomys,cheesmani,Otomys cheesmani,,,
ASIA,Murinae,Apodemini,Apodemus,Apodemus,gurkha,Apodemus gurkha,,,
AFRICA,Murinae,Arvicanthini,Oenomys,Grammomys,kuru,Grammomys kuru,,,
WALLACEA,Murinae,Arvicanthini,Dasymys,Dasymys,cabrali,Dasymys cabrali,,,
ASIA,Murinae,Millardini,Millardia,Millardia,kondana,Millardia kondana,,,
SUNDA,Murinae,Hydromyini,Chiropodomys,Chiropodomys,pusillus,Chiropodomys pusillus,,,
AFRICA,Murinae,Arvicanthini,Arvicanthis,Mylomys,rex,Mylomys rex,,,
SAHUL,Murinae,Hydromyini,Uromys,Solomys,sapientis,Solomys sapientis,,,
ASIA,Murinae,Millardini,Millardia,Cremnomys,elvira,Cremnomys elvira,,,
SAHUL,Murinae,Hydromyini,Pogonomys,Pogonomys,fergussoniensis,Pogonomys fergussoniensis,,,
AFRICA,Murinae,Arvicanthini,Dasymys,Dasymys,medius,Dasymys medius,,,
AFRICA,Murinae,Arvicanthini,Oenomys,Thamnomys,venustus,Thamnomys venustus,,,1
AFRICA,Murinae,Arvicanthini,Oenomys,Grammomys,brevirostris,Grammomys brevirostris,,,
AFRICA,Murinae,Arvicanthini,Arvicanthis,Lemniscomys,roseveari,Lemniscomys roseveari,,,
AFRICA,Murinae,Arvicanthini,Oenomys,Grammomys,aridulus,Grammomys aridulus,,,
AFRICA,Murinae,Arvicanthini,Hybomys,Desmomys,yaldeni,Desmomys yaldeni,,,
WALLACEA,Murinae,Rattini,Bunomys,,,Halmaheramys wallacei,,,
ASIA,Murinae,Rattini,Dacnomys,Niviventer,cameroni,Niviventer cameroni,,,
SUNDA,Murinae,Rattini,Bunomys,Sundamys,maxi,Sundamys maxi,,,
AFRICA,Murinae,Arvicanthini,Dasymys,Dasymys,alleni,Dasymys alleni,,,
AFRICA,Murinae,Arvicanthini,Dasymys,Dasymys,rwandae,Dasymys rwandae,,,
AFRICA,Murinae,Arvicanthini,Dasymys,Dasymys,sua,Dasymys sua,,,
AFRICA,Murinae,Arvicanthini,Oenomys,Thallomys,shortridgei,Thallomys shortridgei,,,
ASIA,Murinae,Rattini,Rattus,Nesokia,bunnii,Nesokia bunnii,,,
ASIA,Murinae,Millardini,Millardia,Diomys,crumpi,Diomys crumpi,,,
AFRICA,Murinae,Arvicanthini,Oenomys,Grammomys,minnae,Grammomys minnae,,,
AFRICA,Murinae,Arvicanthini,Dasymys,Dasymys,longipilosus,Dasymys longipilosus,,,
AFRICA,Murinae,Arvicanthini,Dasymys,Dasymys,rufulus,Dasymys rufulus,,,
AFRICA,Murinae,Arvicanthini,Dasymys,Dasymys,capensis,Dasymys capensis,,,
AFRICA,Murinae,Arvicanthini,Dasymys,Dasymys,griseifrons,Dasymys griseifrons,,,
AFRICA,Murinae,Arvicanthini,Dasymys,Dasymys,robertsi,Dasymys robertsi,,,
SUNDA,Murinae,Hydromyini,Haeromys,Haeromys,margarettae,Haeromys margarettae,,,
AFRICA,Murinae,Murini,Mus,Mus,orangiae,Mus orangiae,,,
SAHUL,Murinae,Hydromyini,Uromys,Paramelomys,steini,Paramelomys steini,,,
SUNDA,Murinae,Rattini,Rattus,Rattus,adustus,Rattus adustus,,,
SAHUL,Murinae,Rattini,Rattus,Rattus,arfakiensis,Rattus arfakiensis,,,
SUNDA,Murinae,Rattini,Rattus,Rattus,blangorum,Rattus blangorum,,,
ASIA,Murinae,Rattini,Rattus,Rattus,burrus,Rattus burrus,,,
ASIA,Murinae,Rattini,Rattus,Rattus,montanus,Rattus montanus,,,
SUNDA,Murinae,Rattini,Rattus,Rattus,palmarum,Rattus palmarum,,,
SAHUL,Murinae,Rattini,Rattus,Rattus,pococki,Rattus pococki,,Niobe species group,
ASIA,Murinae,Rattini,Rattus,Rattus,ranjiniae,Rattus ranjiniae,,,
SUNDA,Murinae,Rattini,Rattus,Rattus,stoicus,Rattus stoicus,,,
ASIA,Murinae,incertae sedis,incertae sedis,Vandeleuria,nilagirica,Vandeleuria nilagirica,,,
ASIA,Murinae,incertae sedis,incertae sedis,Vandeleuria,nolthenii,Vandeleuria nolthenii,,,
SAHUL,Murinae,Hydromyini,Mallomys,Pogonomelomys,bruijni,Pogonomelomys bruijni,,specimen sequneced is P. mayeri; need to samples type series to include,
ASIA,Murinae,Apodemini,Apodemus,Apodemus,ponticus,Apodemus ponticus,,,
PHILIPPINES,Murinae,Phloeomyini,Phloeomys,Crateromys,australis,Crateromys australis,,,
AFRICA,Murinae,Praomyini,Stenocephalemys,Mastomys,awashensis,Mastomys awashensis,,,
AFRICA,Murinae,Praomyini,Stenocephalemys,Praomys,lukolelae,Praomys lukolelae,,,
AFRICA,Murinae,Praomyini,Stenocephalemys,Praomys,mutoni,Praomys mutoni,,,
ASIA,Murinae,Murini,Mus,Mus,phillipsi,Mus phillipsi,,,
ASIA,Murinae,Apodemini,Apodemus,Apodemus,hyrcanicus,Apodemus hyrcanicus,,,
PHILIPPINES,Murinae,Phloeomyini,Phloeomys,Batomys,uragon,Batomys uragon,,,
AFRICA,Murinae,Praomyini,Stenocephalemys,Mastomys,shortridgei,Mastomys shortridgei,,,
SUNDA,Murinae,Hydromyini,Chiropodomys,Chiropodomys,major,Chiropodomys major,,,
AFRICA,Murinae,Murini,Mus,Mus,setzeri,Mus setzeri,,,
SUNDA,Murinae,Rattini,Bunomys,Sundamys,infraluteus,Sundamys infraluteus,,,
SUNDA,Murinae,incertae sedis,Pithecheir,Pithecheir,parvus,Pithecheir parvus,,,
ASIA,Murinae,Apodemini,Apodemus,Apodemus,epimelas,Apodemus epimelas,,,
SUNDA,Murinae,Rattini,Rattus,Rattus,simalurensis,Rattus simalurensis,,,
AFRICA,Murinae,Arvicanthini,Dasymys,Dasymys,foxi,Dasymys foxi,,,
PHILIPPINES,Murinae,Hydromyini,Chrotomys,Chrotomys,gonzalesi,Chrotomys gonzalesi,,,
AFRICA,Murinae,Arvicanthini,Aethomys,Aethomys,silindensis,Aethomys silindensis,,,
AFRICA,Murinae,Otomyini,Otomys,Otomys,dollmani,Otomys dollmani,,,
PHILIPPINES,Murinae,Rattini,Rattus,Tryphomys,adustus,Tryphomys adustus,,,
AFRICA,Murinae,Praomyini,Stenocephalemys,Mastomys,huberti,Mastomys huberti,,,
SUNDA,Murinae,Rattini,Rattus,Rattus,enganus,Rattus enganus,,,
PHILIPPINES,Murinae,Phloeomyini,Phloeomys,Batomys,dentatus,Batomys dentatus,,,
AFRICA,Murinae,Arvicanthini,Arvicanthis,Lemniscomys,hoogstraali,Lemniscomys hoogstraali,,,
ASIA,Murinae,Rattini,Dacnomys,Niviventer,hinpoon,Niviventer hinpoon,,,
AFRICA,Murinae,Arvicanthini,Dasymys,Dasymys,nudipes,Dasymys nudipes,,,
ASIA,Murinae,Rattini,Dacnomys,Niviventer,andersoni,Niviventer andersoni,,,
ASIA,Murinae,Rattini,Dacnomys,Niviventer,excelsior,Niviventer excelsior,,,
SUNDA,Murinae,incertae sedis,Pithecheir,Pithecheirops,otion,Pithecheirops otion,,,
AFRICA,Murinae,Arvicanthini,Oenomys,Grammomys,buntingi,Grammomys buntingi,,,
AFRICA,Murinae,Otomyini,Otomys,Otomys,orestes,Otomys orestes,,,
ASIA,Murinae,Apodemini,Apodemus,Apodemus,pallipes,Apodemus pallipes,,,
ASIA,Murinae,Hapalomyini,Hapalomys,Hapalomys,longicaudatus,Hapalomys longicaudatus,,,
ASIA,Murinae,Apodemini,Apodemus,Apodemus,rusiges,Apodemus rusiges,,,
WALLACEA,Murinae,Rattini,Rattus,Nesoromys,ceramicus,Nesoromys ceramicus,,,
SAHUL,Murinae,Hydromyini,Conilurus,Conilurus,albipes,Conilurus albipes,EXTINCT,,1
SAHUL,Murinae,Hydromyini,Conilurus,Leporillus,apicalis,Leporillus apicalis,EXTINCT,,1
SAHUL,Murinae,Hydromyini,Pseudomys,Notomys,amplus,Notomys amplus,EXTINCT,,
SAHUL,Murinae,Hydromyini,Pseudomys,Notomys,longicaudatus,Notomys longicaudatus,EXTINCT,,
SAHUL,Murinae,Hydromyini,Pseudomys,Notomys,macrotis,Notomys macrotis,EXTINCT,,
SAHUL,Murinae,Hydromyini,Pseudomys,Pseudomys,auritus,Pseudomys auritus,EXTINCT,,
SUNDA,Murinae,Rattini,Rattus,Rattus,nativitatis,Rattus nativitatis,EXTINCT,Bunomys division,
SAHUL,Murinae,Hydromyini,Uromys,Uromys,porculus,Uromys porculus,EXTINCT,Not Uromys,
SAHUL,Murinae,Hydromyini,Uromys,Uromys,rex,Uromys rex,EXTINCT,,
ASIA,Murinae,Rattini,Rattus,Rattus,pyctoris,Rattus pyctoris,Junior Synonym?,Check Junior Synonyms,
SAHUL,Murinae,Hydromyini,Uromys,Melomys,obiensis,Melomys obiensis,M.burtoni complex,M.burtoni complex,
SAHUL,Murinae,Hydromyini,Pogonomys,Lorentzimys,nouhuysi,Lorentzimys nouhuysi,MULTI-TAXON,,1
SAHUL,Murinae,Hydromyini,Uromys,Melomys,burtoni,Melomys burtoni,MULTI-TAXON,,
SAHUL,Murinae,Hydromyini,Pseudomys,Pseudomys,gouldii,Pseudomys gouldii,SYNONYMISED WITH FIELDI,,
SAHUL,Murinae,Hydromyini,Uromys,Melomys,newbritain_spA,Melomys newbritain_spA,UNDESCRIBED,,
SAHUL,Murinae,Hydromyini,Uromys,Melomys,newbritain_spB,Melomys newbritain_spB,UNDESCRIBED,,
SAHUL,Murinae,Hydromyini,Pogonomys,Notapogonomys,yesitis,Notapogonomys yesitis,UNDESCRIBED,,
SAHUL,Murinae,Rattini,Rattus,Rattus,sordidus_group_sp,Rattus sordidus_group_sp,UNDESCRIBED,,
SAHUL,Murinae,Hydromyini,Uromys,Uromys,sp_nov_Malukus,Uromys sp-nov,UNDESCRIBED,New Speceis from PH Fabre; changed to match tree,1
SAHUL,Murinae,Hydromyini,Mallomys,Abeomelomys,sevia,Abeomelomys sevia,,,1
SAHUL,Murinae,Hydromyini,Pogonomys,Anisomys,imitator,Anisomys imitator,,,1
SAHUL,Murinae,Hydromyini,Hydromys,Baiyankamys,shawmayeri,Baiyankamys shawmayeri,,,
SAHUL,Murinae,Hydromyini,incertae sedis,Brassomys,albidens,Brassomys albidens,,,
SUNDA,Murinae,Hydromyini,Chiropodomys,Chiropodomys,gliroides,Chiropodomys gliroides,,,1
SUNDA,Murinae,Hydromyini,Chiropodomys,Chiropodomys,karlkoopmani,Chiropodomys karlkoopmani,,,
SUNDA,Murinae,Hydromyini,Chiropodomys,Chiropodomys,muroides,Chiropodomys muroides,,,
SAHUL,Murinae,Hydromyini,Pogonomys,Chiruromys,forbesi,Chiruromys forbesi,,Check joraindi,
SAHUL,Murinae,Hydromyini,Pogonomys,Chiruromys,lamia,Chiruromys lamia,,,
SAHUL,Murinae,Hydromyini,Pogonomys,Chiruromys,vates,Chiruromys vates,,,1
SAHUL,Murinae,Hydromyini,incertae sedis,Coccymys,ruemmleri,Coccymys ruemmleri,,,1
SAHUL,Murinae,Hydromyini,incertae sedis,Coccymys,shawmayeri,Coccymys shawmayeri,,Sample mis-ID'd as C. ruemmleri (corrected by Helgen),
SAHUL,Murinae,Hydromyini,Conilurus,Conilurus,penicillatus,Conilurus penicillatus,,,1
SAHUL,Murinae,Hydromyini,Hydromys,Crossomys,moncktoni,Crossomys moncktoni,,,1
ASIA,Murinae,Hapalomyini,Hapalomys,Hapalomys,delacouri,Hapalomys delacouri,,,
SAHUL,Murinae,Hydromyini,Hydromys,Hydromys,chrysogaster,Hydromys chrysogaster,,,1
SAHUL,Murinae,Hydromyini,Hydromys,Hydromys,hussoni,Hydromys hussoni,,,
SAHUL,Murinae,Hydromyini,Pogonomys,Hyomys,dammermani,Hyomys dammermani,,,
SAHUL,Murinae,Hydromyini,Pogonomys,Hyomys,goliath,Hyomys goliath,,,1
SAHUL,Murinae,Hydromyini,Pseudomys,Leggadina,forresti,Leggadina forresti,,,1
SAHUL,Murinae,Hydromyini,Pseudomys,Leggadina,lakedownensis,Leggadina lakedownensis,,,1
SAHUL,Murinae,Hydromyini,Conilurus,Leporillus,conditor,Leporillus conditor,,,1
SAHUL,Murinae,Hydromyini,Hydromys,Leptomys,elegans,Leptomys elegans,,,1
SAHUL,Murinae,Hydromyini,Hydromys,Leptomys,ernstmayri,Leptomys ernstmayri,,,
SAHUL,Murinae,Hydromyini,Pogonomys,Macruromys,major,Macruromys major,,,1
SAHUL,Murinae,Hydromyini,Mallomys,Mallomys,aroaensis,Mallomys aroaensis,,,
SAHUL,Murinae,Hydromyini,Mallomys,Mallomys,istapantap,Mallomys istapantap,,,
SAHUL,Murinae,Hydromyini,Mallomys,Mallomys,rothschildi,Mallomys rothschildi,,,1
SAHUL,Murinae,Hydromyini,Mallomys,Mammelomys,lanosus,Mammelomys lanosus,,,1
SAHUL,Murinae,Hydromyini,Mallomys,Mammelomys,rattoides,Mammelomys rattoides,,,
SAHUL,Murinae,Hydromyini,Pseudomys,Mastacomys,fuscus,Mastacomys fuscus,,,1
SAHUL,Murinae,Hydromyini,Uromys,Melomys,bannisteri,Melomys bannisteri,,,
SAHUL,Murinae,Hydromyini,Uromys,Melomys,capensis,Melomys capensis,,,
SAHUL,Murinae,Hydromyini,Uromys,Melomys,fraterculus,Melomys fraterculus,,,
SAHUL,Murinae,Hydromyini,Uromys,Melomys,fulgens,Melomys fulgens,,,
SAHUL,Murinae,Hydromyini,Uromys,Melomys,leucogaster,Melomys leucogaster,,with Protochromys,
SAHUL,Murinae,Hydromyini,Uromys,Melomys,lutillus,Melomys lutillus,,,
SAHUL,Murinae,Hydromyini,Uromys,Melomys,matambuai,Melomys matambuai,,,
SAHUL,Murinae,Hydromyini,Uromys,Melomys,rubicola,Melomys rubicola,,,
SAHUL,Murinae,Hydromyini,Uromys,Melomys,rufescens,Melomys rufescens,,M. gracilis is a junior synonym,1
SAHUL,Murinae,Hydromyini,Conilurus,Mesembriomys,gouldii,Mesembriomys gouldii,,,1
SAHUL,Murinae,Hydromyini,Conilurus,Mesembriomys,macrurus,Mesembriomys macrurus,,,1
SAHUL,Murinae,Hydromyini,Hydromys,Microhydromys,richardsoni,Microhydromys richardsoni,,,1
SAHUL,Murinae,Hydromyini,Hydromys,Mirzamys,louiseae,Mirzamys louiseae,,Aplin Pseudohydromys,1
ASIA,Murinae,Murini,Mus,Mus,cookii,Mus cookii,,,1
SAHUL,Murinae,Hydromyini,Pseudomys,Notomys,alexis,Notomys alexis,,,1
SAHUL,Murinae,Hydromyini,Pseudomys,Notomys,aquilo,Notomys aquilo,,,1
SAHUL,Murinae,Hydromyini,Pseudomys,Notomys,cervinus,Notomys cervinus,,,1
SAHUL,Murinae,Hydromyini,Pseudomys,Notomys,fuscus,Notomys fuscus,,,1
SAHUL,Murinae,Hydromyini,Pseudomys,Notomys,mitchellii,Notomys mitchellii,,,1
SAHUL,Murinae,Hydromyini,Hydromys,Parahydromys,asper,Parahydromys asper,,1 sample all studies,1
SAHUL,Murinae,Hydromyini,Hydromys,Paraleptomys,wilhelmina,Paraleptomys wilhelmina,,,1
SAHUL,Murinae,Hydromyini,Uromys,Paramelomys,levipes,Paramelomys levipes,,,
SAHUL,Murinae,Hydromyini,Uromys,Paramelomys,lorentzii,Paramelomys lorentzii,,,
SAHUL,Murinae,Hydromyini,Uromys,Paramelomys,mollis,Paramelomys mollis,,,
SAHUL,Murinae,Hydromyini,Uromys,Paramelomys,moncktoni,Paramelomys moncktoni,,,
SAHUL,Murinae,Hydromyini,Uromys,Paramelomys,naso,Paramelomys naso,,,
SAHUL,Murinae,Hydromyini,Uromys,Paramelomys,platyops,Paramelomys platyops,,,
SAHUL,Murinae,Hydromyini,Uromys,Paramelomys,rubex,Paramelomys rubex,,,
WALLACEA,Murinae,Rattini,Bunomys,Paulamys,naso,Paulamys naso,,Really a Bunomys,
SAHUL,Murinae,Hydromyini,Mallomys,Pogonomelomys,brassi,Pogonomelomys brassi,,synonym bruijni? Helgen says should be distinct species,
SAHUL,Murinae,Hydromyini,Mallomys,Pogonomelomys,mayeri,Pogonomelomys mayeri,,P. bruijni sample is actually P. mayeri (according to Helgen),1
SAHUL,Murinae,Hydromyini,Pogonomys,Pogonomys,championi,Pogonomys championi,,arfakensis distinct taxon in Musser manuscript ,
SAHUL,Murinae,Hydromyini,Pogonomys,Pogonomys,loriae,Pogonomys loriae,,,
SAHUL,Murinae,Hydromyini,Pogonomys,Pogonomys,macrourus,Pogonomys macrourus,,,1
SAHUL,Murinae,Hydromyini,Pogonomys,Pogonomys,mollipilosus,Pogonomys mollipilosus,,,
SAHUL,Murinae,Hydromyini,Uromys,Protochromys,fellowsi,Protochromys fellowsi,,,
SAHUL,Murinae,Hydromyini,Hydromys,Pseudohydromys,germani,Pseudohydromys germani,,,
SAHUL,Murinae,Hydromyini,Hydromys,Pseudohydromys,musseri,Pseudohydromys musseri,,,
SAHUL,Murinae,Hydromyini,Hydromys,Pseudohydromys,pumehanae,Pseudohydromys pumehanae,,Specimen ID confirmed by K. Helgen,1
SAHUL,Murinae,Hydromyini,Hydromys,Pseudohydromys,sandrae,Pseudohydromys sandrae,,,
SAHUL,Murinae,Hydromyini,Pseudomys,Pseudomys,albocinereus,Pseudomys albocinereus,,,1
SAHUL,Murinae,Hydromyini,Pseudomys,Pseudomys,apodemoides,Pseudomys apodemoides,,,1
SAHUL,Murinae,Hydromyini,Pseudomys,Pseudomys,australis,Pseudomys australis,,,1
SAHUL,Murinae,Hydromyini,Pseudomys,Pseudomys,bolami,Pseudomys bolami,,,1
SAHUL,Murinae,Hydromyini,Pseudomys,Pseudomys,calabyi,Pseudomys calabyi,,,1
SAHUL,Murinae,Hydromyini,Pseudomys,Pseudomys,chapmani,Pseudomys chapmani,,,1
SAHUL,Murinae,Hydromyini,Pseudomys,Pseudomys,delicatulus,Pseudomys delicatulus,,,1
SAHUL,Murinae,Hydromyini,Pseudomys,Pseudomys,desertor,Pseudomys desertor,,,1
SAHUL,Murinae,Hydromyini,Pseudomys,Pseudomys,fieldi,Pseudomys fieldi,,,
SAHUL,Murinae,Hydromyini,Pseudomys,Pseudomys,fumeus,Pseudomys fumeus,,,1
SAHUL,Murinae,Hydromyini,Pseudomys,Pseudomys,gracilicaudatus,Pseudomys gracilicaudatus,,,1
SAHUL,Murinae,Hydromyini,Pseudomys,Pseudomys,hermannsburgensis,Pseudomys hermannsburgensis,,,1
SAHUL,Murinae,Hydromyini,Pseudomys,Pseudomys,higginsi,Pseudomys higginsi,,,1
SAHUL,Murinae,Hydromyini,Pseudomys,Pseudomys,johnsoni,Pseudomys johnsoni,,,1
SAHUL,Murinae,Hydromyini,Pseudomys,Pseudomys,nanus,Pseudomys nanus,,,1
SAHUL,Murinae,Hydromyini,Pseudomys,Pseudomys,novaehollandiae,Pseudomys novaehollandiae,,,1
SAHUL,Murinae,Hydromyini,Pseudomys,Pseudomys,occidentalis,Pseudomys occidentalis,,,1
SAHUL,Murinae,Hydromyini,Pseudomys,Pseudomys,oralis,Pseudomys oralis,,,1
SAHUL,Murinae,Hydromyini,Pseudomys,Pseudomys,patrius,Pseudomys patrius,,,1
SAHUL,Murinae,Hydromyini,Pseudomys,Pseudomys,shortridgei,Pseudomys shortridgei,,,1
SAHUL,Murinae,Rattini,Rattus,Rattus,arrogans,Rattus arrogans,,Holotype of R. niobe arrogans,
SAHUL,Murinae,Rattini,Rattus,Rattus,colletti,Rattus colletti,,,1
SAHUL,Murinae,Rattini,Rattus,Rattus,detentus,Rattus detentus,,,
WALLACEA,Murinae,Rattini,Rattus,Rattus,facetus,Rattus facetus,,,
SAHUL,Murinae,Rattini,Rattus,Rattus,fuscipes,Rattus fuscipes,,"assimilis, coracius",
SAHUL,Murinae,Rattini,Rattus,Rattus,giluwensis,Rattus giluwensis,,NHM_52_263 from R. giluwe,
SAHUL,Murinae,Rattini,Rattus,Rattus,leucopus,Rattus leucopus,,"cooktownensis, ringens  Rattus_leucopus_(sp)_NHM_69_355 listed as a specimen of R.verecundus verecundus  in Taylor et al 1982 Rattus_leucopus_(verecundus)_NHM_69_354 listed as a specimen of R.verecundus mollis in Taylor et al 1982",1
SAHUL,Murinae,Rattini,Rattus,Rattus,lutreolus,Rattus lutreolus,,,1
SAHUL,Murinae,Rattini,Rattus,Rattus,mordax,Rattus mordax,,Real mordax according to Taylor and Horner,
SAHUL,Murinae,Rattini,Rattus,Rattus,morotaiensis,Rattus morotaiensis,,,1
SAHUL,Murinae,Rattini,Rattus,Rattus,niobe,Rattus niobe,,,
ASIA,Murinae,Rattini,Rattus,Rattus,nitidus,Rattus nitidus,,,
SAHUL,Murinae,Rattini,Rattus,Rattus,praetor,Rattus praetor,,Samples not monophyletic,1
ASIA,Murinae,Rattini,Rattus,Rattus,rattus,Rattus rattus,,,
SAHUL,Murinae,Rattini,Rattus,Rattus,richardsoni,Rattus richardsoni,,,
SAHUL,Murinae,Rattini,Rattus,Rattus,sordidus,Rattus sordidus,,,
SAHUL,Murinae,Rattini,Rattus,Rattus,steini,Rattus steini,,Real steini?,
SAHUL,Murinae,Rattini,Rattus,Rattus,tunneyi,Rattus tunneyi,,,1
SAHUL,Murinae,Rattini,Rattus,Rattus,vandeuseni,Rattus vandeuseni,,Real vandeuseni?,
SAHUL,Murinae,Rattini,Rattus,Rattus,verecundus,Rattus verecundus,,,
SAHUL,Murinae,Rattini,Rattus,Rattus,villosissimus,Rattus villosissimus,,,1
WALLACEA,Murinae,Rattini,Rattus,Rattus,xanthurus,Rattus xanthurus,,,1
SAHUL,Murinae,Hydromyini,Uromys,Solomys,ponceleti,Solomys ponceleti,,,
SAHUL,Murinae,Hydromyini,Uromys,Solomys,salamonis,Solomys salamonis,,,
SAHUL,Murinae,Hydromyini,Uromys,Solomys,salebrosus,Solomys salebrosus,,,1
SAHUL,Murinae,Hydromyini,Uromys,Uromys,anak,Uromys anak,,,
SAHUL,Murinae,Hydromyini,Uromys,Uromys,caudimaculatus,Uromys caudimaculatus,,"aruensis, scaphax, nero. U.c. Cape York and Raja Ampats",1
SAHUL,Murinae,Hydromyini,Uromys,Uromys,emmae,Uromys emmae,,real taxon (not U. caudicmaculatus),
SAHUL,Murinae,Hydromyini,Uromys,Uromys,neobritannicus,Uromys neobritannicus,,,
SAHUL,Murinae,Hydromyini,Uromys,Uromys,siebersi,Uromys siebersi,,real taxon (not U. caudicmaculatus),
SAHUL,Murinae,Hydromyini,Uromys,Uromys,vika,Uromys vika,,sister to U. rex,
SAHUL,Murinae,Hydromyini,Mallomys,Xenuromys,barbatus,Xenuromys barbatus,,,1
SAHUL,Murinae,Hydromyini,Hydromys,Xeromys,myoides,Xeromys myoides,,Aus + NG samples,1
SAHUL,Murinae,Hydromyini,Pseudomys,Zyzomys,argurus,Zyzomys argurus,,,1
SAHUL,Murinae,Hydromyini,Pseudomys,Zyzomys,maini,Zyzomys maini,,,1
SAHUL,Murinae,Hydromyini,Pseudomys,Zyzomys,palatalis,Zyzomys palatalis,,,1
SAHUL,Murinae,Hydromyini,Pseudomys,Zyzomys,pedunculatus,Zyzomys pedunculatus,,,1
SAHUL,Murinae,Hydromyini,Pseudomys,Zyzomys,woodwardi,Zyzomys woodwardi,,,1
WALLACEA,Murinae,Rattini,Bunomys,Bunomys,andrewsi,Bunomys andrewsi,,,1
WALLACEA,Murinae,Rattini,Bunomys,Bunomys,chrysocomus,Bunomys chrysocomus,,,1
WALLACEA,Murinae,Rattini,Bunomys,Bunomys,coelestis,Bunomys coelestis,,,
WALLACEA,Murinae,Rattini,Bunomys,Bunomys,penitus,Bunomys penitus,,,
WALLACEA,Murinae,Rattini,Bunomys,Bunomys,prolatus,Bunomys prolatus,,,
WALLACEA,Murinae,Rattini,Bunomys,Bunomys,torajae,Bunomys torajae,,,1
PHILIPPINES,Murinae,Rattini,Maxomys,Crunomys,fallax,Crunomys fallax,,,
WALLACEA,Murinae,Rattini,Bunomys,Frateromys,fratrorum,Frateromys fratrorum,,,
SAHUL,Murinae,Hydromyini,Uromys,Paramelomys,gressitti,Paramelomys gressitti,,"Mt Kinde, Wau. Trapped with P. rubex by Steve D. Probably, P. gressitti.",
SAHUL,Murinae,Hydromyini,Pogonomys,Pogonomys,sylvestris,Pogonomys sylvestris,,Previous sample may be P. championi,
SAHUL,Murinae,Hydromyini,Hydromys,Pseudohydromys,ellermani,Pseudohydromys ellermani,,,
SAHUL,Murinae,Rattini,Rattus,Rattus,novaeguineae,Rattus novaeguineae,,,
ASIA,Murinae,Rattini,Dacnomys,Saxatilomys,paulinae,Saxatilomys paulinae,,,1
WALLACEA,Murinae,Rattini,Bunomys,Taeromys,celebensis,Taeromys celebensis,,,1
WALLACEA,Murinae,Rattini,Bunomys,Taeromys,dominator,Taeromys dominator,,,
WALLACEA,Murinae,Rattini,Bunomys,Taeromys,hamatus,Taeromys hamatus,,,1
WALLACEA,Murinae,Rattini,Bunomys,Taeromys,punicans,Taeromys punicans,,,1
WALLACEA,Murinae,Rattini,Bunomys,Taeromys,taerae,Taeromys taerae,,,1
SUNDA,Murinae,Rattini,Rattus,Rattus,macleari,Rattus macleari,EXTINCT,,
SAHUL,Murinae,Hydromyini,Uromys,Uromys,imperator,Uromys imperator,EXTINCT,,
SAHUL,Murinae,Hydromyini,Uromys,Melomys,cryptomelomys,Melomys cryptomelomys,UNDESCRIBED,Type series designated by Ken,
SAHUL,Murinae,Hydromyini,Hydromys,Leptomys,arfakensis,Leptomys arfakensis,,,
SAHUL,Murinae,Hydromyini,Uromys,Melomys,aerosus,Melomys aerosus,,Check Placement,
SAHUL,Murinae,Hydromyini,Uromys,Melomys,arcium,Melomys arcium,,Significance?,
SAHUL,Murinae,Hydromyini,Uromys,Melomys,bougainville,Melomys bougainville,,,
SAHUL,Murinae,Hydromyini,Uromys,Melomys,caurinus,Melomys caurinus,,,
SAHUL,Murinae,Hydromyini,Uromys,Melomys,cervinipes,Melomys cervinipes,,,
SAHUL,Murinae,Hydromyini,Uromys,Melomys,cooperae,Melomys cooperae,,,
SAHUL,Murinae,Hydromyini,Uromys,Melomys,dollmani,Melomys dollmani,,long-tailed rufescens sister,
SAHUL,Murinae,Hydromyini,Uromys,Melomys,howi,Melomys howi,,,
SAHUL,Murinae,Hydromyini,Uromys,Melomys,talaudium,Melomys talaudium,,,
WALLACEA,Murinae,Rattini,Bunomys,Papagomys,armandvillei,Papagomys armandvillei,,,1
SAHUL,Murinae,Hydromyini,Hydromys,Paraleptomys,rufilatus,Paraleptomys rufilatus,,,
SAHUL,Murinae,Hydromyini,Hydromys,Pseudohydromys,eleanorae,Pseudohydromys eleanorae,,"Sympatric with murinus, important",
SAHUL,Murinae,Hydromyini,Hydromys,Pseudohydromys,fuscus,Pseudohydromys fuscus,,Neohydromys (2 molars),
WALLACEA,Murinae,Rattini,Rattus,Rattus,feliceus,Rattus feliceus,,,
SAHUL,Murinae,Rattini,Rattus,Rattus,jobiensis,Rattus jobiensis,,,
SAHUL,Murinae,Hydromyini,Uromys,Uromys,hadrourus,Uromys hadrourus,,,
PHILIPPINES,Murinae,Hydromyini,Chrotomys,Apomys,sp_KU164868,Apomys sp_KU164868,UNDESCRIBED,,
PHILIPPINES,Murinae,Hydromyini,Chrotomys,Apomys,sp_KU166988,Apomys sp_KU166988,UNDESCRIBED,,
PHILIPPINES,Murinae,Hydromyini,Chrotomys,Apomys,sp_KU167970,Apomys sp_KU167970,UNDESCRIBED,,
AFRICA,Murinae,Arvicanthini,Aethomys,Aethomys,hindei,Aethomys hindei,,,1
AFRICA,Murinae,Arvicanthini,Aethomys,Aethomys,nyikae,Aethomys nyikae,,,1
ASIA,Murinae,Apodemini,Apodemus,Apodemus,semotus,Apodemus semotus,,,
ASIA,Murinae,Apodemini,Apodemus,Apodemus,sylvaticus,Apodemus sylvaticus,,,1
PHILIPPINES,Murinae,Hydromyini,Chrotomys,Apomys,camiguinensis,Apomys camiguinensis,,,
PHILIPPINES,Murinae,Hydromyini,Chrotomys,Apomys,datae,Apomys datae,,,
PHILIPPINES,Murinae,Hydromyini,Chrotomys,Apomys,hylocetes,Apomys hylocetes,,,
PHILIPPINES,Murinae,Hydromyini,Chrotomys,Apomys,insignis,Apomys insignis,,,
PHILIPPINES,Murinae,Hydromyini,Chrotomys,Apomys,lubangensis,Apomys lubangensis,,,1
PHILIPPINES,Murinae,Hydromyini,Chrotomys,Apomys,microdon,Apomys microdon,,,
PHILIPPINES,Murinae,Hydromyini,Chrotomys,Archboldomys,luzonensis,Archboldomys luzonensis,,,1
SUNDA,Murinae,Rattini,Rattus,Bandicota,indica,Bandicota indica,,,1
PHILIPPINES,Murinae,Phloeomyini,Phloeomys,Batomys,russatus,Batomys russatus,,,1
SUNDA,Murinae,Rattini,Berylmys,Berylmys,bowersi,Berylmys bowersi,,,1
ASIA,Murinae,Rattini,Berylmys,Berylmys,mackenziei,Berylmys mackenziei,,,1
PHILIPPINES,Murinae,Rattini,Bunomys,Bullimus,bagobus,Bullimus bagobus,,,1
PHILIPPINES,Murinae,Phloeomyini,Phloeomys,Carpomys,melanurus,Carpomys melanurus,,,1
ASIA,Murinae,Rattini,Dacnomys,Chiromyscus,chiropus,Chiromyscus chiropus,,,
SUNDA,Murinae,Hydromyini,Chiropodomys,Chiropodomys,calamianensis,Chiropodomys calamianensis,,,
PHILIPPINES,Murinae,Hydromyini,Chrotomys,Chrotomys,mindorensis,Chrotomys mindorensis,,,1
PHILIPPINES,Murinae,Hydromyini,Chrotomys,Chrotomys,whiteheadi,Chrotomys whiteheadi,,,1
AFRICA,Murinae,Praomyini,Colomys,Colomys,goslingi,Colomys goslingi,,,1
PHILIPPINES,Murinae,Phloeomyini,Phloeomys,Crateromys,heaneyi,Crateromys heaneyi,,,1
WALLACEA,Murinae,Rattini,Maxomys,Crunomys,celebensis,Crunomys celebensis,,,1
PHILIPPINES,Murinae,Rattini,Maxomys,Crunomys,melanius,Crunomys melanius,,,1
PHILIPPINES,Murinae,Rattini,Maxomys,Crunomys,suncoides,Crunomys suncoides,,,
AFRICA,Murinae,Arvicanthini,Dasymys,Dasymys,incomtus,Dasymys incomtus,,,1
AFRICA,Murinae,Arvicanthini,Dasymys,Dasymys,montanus,Dasymys montanus,,,1
WALLACEA,Murinae,Rattini,Echiothrix,Echiothrix,centrosa,Echiothrix centrosa,,,1
WALLACEA,Murinae,Rattini,Bunomys,Eropeplus,canus,Eropeplus canus,,,1
AFRICA,Murinae,Rattini,Echiothrix,Gracilimus,radix,Gracilimus radix,,,1
AFRICA,Murinae,Arvicanthini,Oenomys,Grammomys,dryas,Grammomys dryas,,,1
WALLACEA,Murinae,Hydromyini,Haeromys,Haeromys,minahassae,Haeromys minahassae,,,1
WALLACEA,Murinae,Rattini,Bunomys,Halmaheramys,bokimekot,Halmaheramys bokimekot,,,1
AFRICA,Murinae,Arvicanthini,Hybomys,Hybomys (Typomys),planifrons,Hybomys planifrons,,,1
AFRICA,Murinae,Arvicanthini,Hybomys,Hybomys,lunaris,Hybomys lunaris,,,1
AFRICA,Murinae,Arvicanthini,Hybomys,Hybomys,univittatus,Hybomys univittatus,,,1
AFRICA,Murinae,Praomyini,Stenocephalemys,Hylomyscus,stella,Hylomyscus stella,,,1
AFRICA,Murinae,Praomyini,Stenocephalemys,Hylomyscus,vulcanorum,Hylomyscus vulcanorum,,,1
WALLACEA,Murinae,Rattini,Echiothrix,Hyorhinomys,stuempkei,Hyorhinomys stuempkei,,,1
SUNDA,Murinae,Rattini,Rattus,Kadarsanomys,sodyi,Kadarsanomys sodyi,,,1
WALLACEA,Murinae,Rattini,Bunomys,Komodomys,rintjanus,Komodomys rintjanus,,,
WALLACEA,Murinae,Rattini,Bunomys,Lenomys,meyeri,Lenomys meyeri,,,1
SUNDA,Murinae,Rattini,Dacnomys,Leopoldamys,sabanus,Leopoldomys sabanus,,fixed to match tree,1
PHILIPPINES,Murinae,Rattini,Rattus,Limnomys,sibuanus,Limnomys sibuanus,,,1
AFRICA,Murinae,Malacomyini,Malacomys,Malacomys,longipes,Malacomys longipes,,,1
WALLACEA,Murinae,Rattini,Dacnomys,Margaretamys,christinae,Margaretamys christinae,,,1
WALLACEA,Murinae,Rattini,Dacnomys,Margaretamys,parvus,Margaretamys parvus,,,1
AFRICA,Murinae,Praomyini,Stenocephalemys,Mastomys,natalensis,Mastomys natalensis,,,1
SUNDA,Murinae,Rattini,Maxomys,Maxomys,bartelsii,Maxomys bartelsii,,,
WALLACEA,Murinae,Rattini,Maxomys,Maxomys,hellwaldii,Maxomys hellwaldii,,,
SUNDA,Murinae,Rattini,Maxomys,Maxomys,hylomyoides,Maxomys hylomyoides,,,
ASIA,Murinae,Rattini,Maxomys,Maxomys,moi,Maxomys moi,,,
WALLACEA,Murinae,Rattini,Maxomys,Maxomys,musschenbroekii,Maxomys musschenbroekii,,,1
SUNDA,Murinae,Rattini,Maxomys,Maxomys,pagensis,Maxomys pagensis,,,
SUNDA,Murinae,Rattini,Maxomys,Maxomys,panglima,Maxomys panglima,,,
SUNDA,Murinae,Rattini,Maxomys,Maxomys,rajah,Maxomys rajah,,,
SUNDA,Murinae,Rattini,Maxomys,Maxomys,surifer,Maxomys surifer,,,1
SUNDA,Murinae,Rattini,Maxomys,Maxomys,whiteheadi,Maxomys whiteheadi,,,
WALLACEA,Murinae,Rattini,Echiothrix,Melasmothrix,naso,Melasmothrix naso,,,1
AFRICA,Murinae,Murini,Mus,Mus,bufo,Mus bufo,,,
ASIA,Murinae,Murini,Mus,Mus,caroli,Mus caroli,,,1
ASIA,Murinae,Murini,Mus,Mus,cervicolor,Mus cervicolor,,,1
SUNDA,Murinae,Murini,Mus,Mus,crociduroides,Mus crociduroides,,,
ASIA,Murinae,Murini,Mus,Mus,macedonicus,Mus macedonicus,,,1
AFRICA,Murinae,Murini,Mus,Mus,minutoides,Mus minutoides,,,1
AFRICA,Murinae,Murini,Mus,Mus,musculoides,Mus musculoides,,,1
ASIA,Murinae,Murini,Mus,Mus,pahari,Mus pahari,,,1
ASIA,Murinae,Murini,Mus,Mus,platythrix,Mus platythrix,,,1
ASIA,Murinae,Murini,Mus,Mus,spicilegus,Mus spicilegus,,,1
ASIA,Murinae,Murini,Mus,Mus,spretus,Mus spretus,,,1
PHILIPPINES,Murinae,Phloeomyini,Phloeomys,Musseromys,anacuao,Musseromys anacuao,,,1
ASIA,Murinae,Rattini,Rattus,Nesokia,indica,Nesokia indica,,,1
ASIA,Murinae,Rattini,Dacnomys,Niviventer,bukit,Niviventer bukit,,,1
SUNDA,Murinae,Rattini,Dacnomys,Niviventer,cremoriventer,Niviventer cremoriventer,,,
SUNDA,Murinae,Rattini,Dacnomys,Niviventer,lepturus,Niviventer lepturus,,,1
SUNDA,Murinae,Rattini,Dacnomys,Niviventer,rapit,Niviventer rapit,,,1
AFRICA,Murinae,Arvicanthini,Oenomys,Oenomys,hypoxanthus,Oenomys hypoxanthus,,,1
AFRICA,Murinae,Otomyini,Otomys,Otomys,denti,Otomys denti,,,1
AFRICA,Murinae,Otomyini,Otomys,Otomys,tropicalis,Otomys tropicalis,,,1
WALLACEA,Murinae,Rattini,Echiothrix,Paucidentomys,vermidax,Paucidentomys vermidax,,,1
AFRICA,Murinae,Arvicanthini,Arvicanthis,Pelomys,isseli,Pelomys isseli,,,1
AFRICA,Murinae,Arvicanthini,Arvicanthis,Pelomys,minor,Pelomys minor,,,1
PHILIPPINES,Murinae,Phloeomyini,Phloeomys,Phloeomys,cumingi,Phloeomys cumingi,,,1
PHILIPPINES,Murinae,Phloeomyini,Phloeomys,Phloeomys,pallidus,Phloeomys pallidus,,,1
SUNDA,Murinae,incertae sedis,Pithecheir,Pithecheir,melanurus,Pithecheir melanurus,,,1
AFRICA,Murinae,Praomyini,Stenocephalemys,Praomys,degraaffi,Praomys degraaffi,,,1
AFRICA,Murinae,Praomyini,Stenocephalemys,Praomys,jacksoni,Praomys jacksoni,,,1
SUNDA,Murinae,Rattini,Rattus,Rattus,argentiventer,Rattus argentiventer,,,1
ASIA,Murinae,Rattini,Rattus,Rattus,exulans,Rattus exulans,,,1
WALLACEA,Murinae,Rattini,Rattus,Rattus,hoffmanni,Rattus hoffmanni,,,1
WALLACEA,Murinae,Rattini,Rattus,Rattus,marmosurus,Rattus marmosurus,,,
PHILIPPINES,Murinae,Hydromyini,Chrotomys,Rhynchomys,isarogensis,Rhynchomys isarogensis,,,1
WALLACEA,Murinae,Rattini,Echiothrix,Sommeromys,macrorhinos,Sommeromys macrorhinos,,,1
SUNDA,Murinae,Rattini,Bunomys,Sundamys (Rattus),annandalei,Sundamys annandalei,,,1
SUNDA,Murinae,Rattini,Bunomys,Sundamys,muelleri,Sundamys muelleri,,,1
PHILIPPINES,Murinae,Rattini,Rattus,Tarsomys,apoensis,Tarsomys apoensis,,,1
WALLACEA,Murinae,Rattini,Echiothrix,Tateomys,macrocercus,Tateomys macrocercus,,,1
WALLACEA,Murinae,Rattini,Echiothrix,Tateomys,rhinogradoides,Tateomys rhinogradoides,,,1
AFRICA,Murinae,Arvicanthini,Oenomys,Thamnomys,kempi,Thamnomys kempi,,,1
ASIA,Murinae,incertae sedis,incertae sedis,Vandeleuria,oleracea,Vandeleuria oleracea,,,1
WALLACEA,Murinae,Rattini,Echiothrix,Waiomys,mamasae,Waiomys mamasae,,,1
AFRICA,Murinae,Praomyini,Colomys,Zelotomys,woosnami,Zelotomys woosnami,,,1
AFRICA,Murinae,Murini,Mus,Mus,musculus,Mus musculus,,,1
ASIA,Murinae,Rattini,Rattus,Rattus,norvegicus,Rattus norvegicus,,,1
SAHUL,Murinae,Hydromyini,Hydromys,Mirzamys,norahae,Mirzamys norahae,,Aplin Pseudohydromys=Mirzamys; possible as collected before Mirzamys named (remind Helgen to check specimen),
ASIA,Murinae,Rattini,Dacnomys,Niviventer,huang,Niviventer huang,,,
ASIA,Murinae,Rattini,Dacnomys,Niviventer,lotipes,Niviventer lotipes,,,
WALLACEA,Murinae,Rattini,Dacnomys,Leopoldamys,herberti,Leopoldamys herberti,,,
ASIA,Murinae,Rattini,Micromys,Micromys,erythrotis,Micromys erythrotis,,,
ASIA,Murinae,Rattini,Dacnomys,Chiromyscus,langbianis,Chiromyscus langbianis,,,
ASIA,Murinae,Rattini,Dacnomys,Chiromyscus,thomasi,Chiromyscus thomasi,,,
AFRICA,Murinae,Otomyini,Otomys,Otomys,helleri,Otomys helleri,,,
AFRICA,Murinae,Otomyini,Otomys,Otomys,fortior,Otomys fortior,,,
SUNDA,Murinae,Rattini,Dacnomys,Leopoldamys,ciliatus,Leopoldamys ciliatus,,,
ASIA,Murinae,Rattini,Dacnomys,Leopoldamys,milleti,Leopoldamys milleti,,,
ASIA,Murinae,Rattini,Dacnomys,Leopoldamys,revertens,Leopoldamys revertens,,,
AFRICA,Murinae,Hapalomyini,Hapalomys,Hapalomys,suntsovi,Hapalomys suntsovi,,,
AFRICA,Murinae,Praomyini,Stenocephalemys,Stenocephalemys,ruppi,Stenocephalemys ruppi,,,
AFRICA,Murinae,Praomyini,Stenocephalemys,Stenocephalemys,griseicauda,Stenocephalemys griseicauda,,,
ASIA,Murinae,Rattini,Srilankamys,Srilankamys,ohiensis,Srilankamys ohiensis,,,
AFRICA,Murinae,Praomyini,Stenocephalemys,Praomys,obscurus,Praomys obscurus,,,
AFRICA,Murinae,Otomyini,Otomys,Otomys,burtoni,Otomys burtoni,,,
ASIA,Murinae,Apodemini,Apodemus,Apodemus,avicennicus,Apodemus avicennicus,,,
SAHUL,Murinae,Hydromyini,Conilurus,Conilurus,capricornensis,Conilurus capricornensis,EXTINCT - SUBFOSSIL,NO - Subfossil Only,
WALLACEA,Murinae,incertae sedis,incertae sedis,Coryphomys,buehleri,Coryphomys buehleri,EXTINCT - SUBFOSSIL,,
WALLACEA,Murinae,incertae sedis,incertae sedis,Coryphomys,musseri,Coryphomys musseri,EXTINCT - SUBFOSSIL,,
WALLACEA,Murinae,Rattini,Bunomys,Lenomys,grovesi,Lenomys grovesi,EXTINCT - SUBFOSSIL,,
SAHUL,Murinae,Hydromyini,Uromys,Melomys,spechti,Melomys spechti,EXTINCT - SUBFOSSIL,,
SAHUL,Murinae,Rattini,Rattus,Rattus,sanila,Rattus sanila,EXTINCT - SUBFOSSIL,,
SUNDA,Murinae,Rattini,Maxomys,Maxomys,alticola,Maxomys alticola,,,
SUNDA,Murinae,Rattini,Maxomys,Maxomys,baeodon,Maxomys baeodon,,,
SUNDA,Murinae,Rattini,Maxomys,Maxomys,ochraceiventer,Maxomys ochraceiventer,,,
SUNDA,Murinae,Rattini,Maxomys,Maxomys,tajuddinii,Maxomys tajuddinii,,,
SAHUL,Murinae,Hydromyini,Pseudomys,Notomys,mordax,Notomys mordax,EXTINCT,Extinct,
SAHUL,Murinae,Hydromyini,Pseudomys,Notomys,robustus,Notomys robustus,EXTINCT,Extinct,
SAHUL,Murinae,Hydromyini,Pseudomys,Pseudomys,glaucus,Pseudomys glaucus,EXTINCT,,
SAHUL,Murinae,Hydromyini,Uromys,Melomys,paveli,Melomys paveli,,,
